version 1, schema trait_level_effects_tables
Trait_Level_IDRef(string)	Effect_IDRef(string)	Magnitude(float)
"C_Admiral_Attack_Bad_1"	"Command_Sea_Attack"	-1
"C_Admiral_Attack_Bad_2"	"Command_Sea_Attack"	-2
"C_Admiral_Attack_Bad_3"	"Command_Sea_Attack"	-2
"C_Admiral_Attack_Good_1"	"Command_Sea_Attack"	1
"C_Admiral_Attack_Good_2"	"Command_Sea_Attack"	2
"C_Admiral_Attack_Good_3"	"Command_Sea_Attack"	3
"C_Admiral_Attack_Good_4"	"Command_Sea_Attack"	4
"C_Admiral_Attack_Good_5"	"Command_Sea_Attack"	4
"C_Admiral_Blockade_Runner_1"	"Command_Sea_Frigates"	1
"C_Admiral_Blockade_Runner_2"	"Command_Sea_Frigates"	1
"C_Admiral_Blockade_Runner_2"	"morale_bonus"	1
"C_Admiral_Blockade_Runner_3"	"Command_Sea_Frigates"	1
"C_Admiral_Blockade_Runner_3"	"morale_bonus"	1
"C_Admiral_Blockader_Good_1"	"Command_Sea_Frigates"	1
"C_Admiral_Blockader_Good_2"	"Command_Sea_Frigates"	2
"C_Admiral_Blockader_Good_3"	"Command_Sea_Frigates"	2
"C_Admiral_Boring_Speaker_2"	"morale_bonus"	-1
"C_Admiral_Born_Sailor_2"	"mod_ship_movement_campaign"	5
"C_Admiral_Born_Sailor_3"	"mod_ship_movement_campaign"	5
"C_Admiral_Brave_1"	"morale_bonus"	1
"C_Admiral_Brave_2"	"morale_bonus"	1
"C_Admiral_Brave_3"	"morale_bonus"	2
"C_Admiral_Brave_4"	"morale_bonus"	3
"C_Admiral_Brave_5"	"morale_bonus"	4
"C_Admiral_Brave_5"	"prestige_military_generic"	1
"C_Admiral_British_Drakes_Drum_1"	"mod_ship_movement_campaign"	5
"C_Admiral_British_Drakes_Drum_2"	"mod_ship_movement_campaign"	5
"C_Admiral_British_Drakes_Drum_2"	"morale_bonus"	1
"C_Admiral_British_Drakes_Drum_3"	"mod_ship_movement_campaign"	5
"C_Admiral_British_Drakes_Drum_3"	"morale_bonus"	2
"C_Admiral_Coward_1"	"morale_bonus"	-1
"C_Admiral_Coward_2"	"morale_bonus"	-2
"C_Admiral_Coward_3"	"morale_bonus"	-3
"C_Admiral_Coward_4"	"morale_bonus"	-3
"C_Admiral_Cruisers_1"	"Command_Sea_Frigates"	1
"C_Admiral_Cruisers_2"	"Command_Sea_Frigates"	2
"C_Admiral_Cruisers_3"	"Command_Sea_Frigates"	3
"C_Admiral_Defender_Bad_1"	"Command_Sea_Defence"	-1
"C_Admiral_Defender_Bad_2"	"Command_Sea_Defence"	-2
"C_Admiral_Defender_Bad_3"	"Command_Sea_Defence"	-3
"C_Admiral_Defender_Good_1"	"Command_Sea_Defence"	1
"C_Admiral_Defender_Good_2"	"Command_Sea_Defence"	2
"C_Admiral_Defender_Good_3"	"Command_Sea_Defence"	3
"C_Admiral_Defender_Good_4"	"Command_Sea_Defence"	3
"C_Admiral_Drunkard_2"	"morale_bonus"	-1
"C_Admiral_Drunkard_3"	"morale_bonus"	-1
"C_Admiral_Drunkard_4"	"character_death_chance_turn_end"	5
"C_Admiral_Dutch_Seamanship_1"	"mod_ship_movement_campaign"	5
"C_Admiral_Dutch_Seamanship_2"	"mod_ship_movement_campaign"	5
"C_Admiral_Dutch_Seamanship_2"	"morale_bonus"	1
"C_Admiral_Dutch_Seamanship_2"	"upkeep_cost_mod_naval_all"	-5
"C_Admiral_Dutch_Seamanship_3"	"mod_ship_movement_campaign"	5
"C_Admiral_Dutch_Seamanship_3"	"morale_bonus"	2
"C_Admiral_Dutch_Seamanship_3"	"upkeep_cost_mod_naval_all"	-10
"C_Admiral_Lampooned_1"	"morale_bonus"	-1
"C_Admiral_Lampooned_2"	"morale_bonus"	-2
"C_Admiral_Lampooned_3"	"morale_bonus"	-2
"C_Admiral_Lampooned_3"	"prestige_military_generic"	-1
"C_Admiral_Mad_1"	"mod_ship_movement_campaign"	5
"C_Admiral_Mad_1"	"morale_bonus"	1
"C_Admiral_Mad_2"	"morale_bonus"	1
"C_Admiral_Mad_2"	"upkeep_cost_mod_naval_all"	5
"C_Admiral_Mad_3"	"mod_ship_movement_campaign"	-5
"C_Admiral_Mad_3"	"morale_bonus"	-1
"C_Admiral_Mad_3"	"upkeep_cost_mod_naval_all"	5
"C_Admiral_Martinet_2"	"morale_bonus"	-1
"C_Admiral_Martinet_2"	"upkeep_cost_mod_naval_all"	-5
"C_Admiral_Martinet_3"	"morale_bonus"	-2
"C_Admiral_Martinet_3"	"upkeep_cost_mod_naval_all"	-10
"C_Admiral_Mathematician_1"	"upkeep_cost_mod_naval_all"	-5
"C_Admiral_Mathematician_2"	"mod_ship_movement_campaign"	5
"C_Admiral_Mathematician_2"	"upkeep_cost_mod_naval_all"	-10
"C_Admiral_Press_Hero_1"	"morale_bonus"	1
"C_Admiral_Press_Hero_2"	"morale_bonus"	2
"C_Admiral_Press_Hero_3"	"morale_bonus"	3
"C_Admiral_Rated_Ships_1"	"Command_Sea_Line_ships"	1
"C_Admiral_Rated_Ships_2"	"Command_Sea_Line_ships"	2
"C_Admiral_Rated_Ships_3"	"Command_Sea_Line_ships"	3
"C_Admiral_Slacker_1"	"morale_bonus"	1
"C_Admiral_Slacker_2"	"morale_bonus"	1
"C_Admiral_Slacker_2"	"upkeep_cost_mod_naval_all"	5
"C_Admiral_Slacker_3"	"morale_bonus"	-2
"C_Admiral_Slacker_3"	"upkeep_cost_mod_naval_all"	10
"C_Admiral_Sobriety_2"	"morale_bonus"	-1
"C_Admiral_Sobriety_3"	"morale_bonus"	-2
"C_Admiral_Spanish_National_Pride_1"	"morale_bonus"	1
"C_Admiral_Spanish_National_Pride_2"	"morale_bonus"	2
"C_Admiral_Spanish_National_Pride_3"	"morale_bonus"	3
"C_Admiral_Swashbuckling_1"	"Command_Sea_Attack"	1
"C_Admiral_Swashbuckling_1"	"morale_bonus"	1
"C_Agent_Secret_Police_1"	"subterfuge_counterspying"	1
"C_Agent_Secret_Police_2"	"subterfuge_counterspying"	2
"C_Agent_Secret_Police_3"	"subterfuge_counterspying"	3
"C_Agent_Secret_Police_4"	"subterfuge_counterspying"	4
"C_Agent_Secret_Police_5"	"subterfuge_counterspying"	5
"C_Agent_Spy_Network_1"	"subterfuge_spying"	1
"C_Agent_Spy_Network_2"	"subterfuge_spying"	2
"C_Agent_Spy_Network_3"	"subterfuge_spying"	3
"C_Agent_Spy_Network_4"	"subterfuge_spying"	4
"C_Agent_Spy_Network_5"	"subterfuge_spying"	5
"C_Agent_Spy_Network_6"	"subterfuge_spying"	6
"C_Feck_Vice_1"	"happy_character_upper"	1
"C_Feck_Vice_2"	"happy_character_lower"	-1
"C_Feck_Vice_3"	"happy_character_lower"	-1
"C_Feck_Vice_4"	"happy_character_lower"	-1
"C_Feck_Vice_4"	"happy_character_upper"	-1
"C_Feck_Vice_5"	"happy_character_lower"	-1
"C_Feck_Vice_5"	"happy_character_middle"	-1
"C_Feck_Vice_5"	"happy_character_upper"	-2
"C_Feck_Vice_6"	"happy_character_lower"	-2
"C_Feck_Vice_6"	"happy_character_middle"	-2
"C_Feck_Vice_6"	"happy_character_upper"	-2
"C_General_Ambush_Good_1"	"campaign_map_stealth"	1
"C_General_Ambush_Good_2"	"campaign_map_stealth"	1
"C_General_Ambush_Good_2"	"Command_Land_Ambushes"	1
"C_General_Ambush_Good_3"	"campaign_map_stealth"	1
"C_General_Ambush_Good_3"	"Command_Land_Ambushes"	2
"C_General_Ambusher_Bad_1"	"Command_Land_Ambushes"	-1
"C_General_Ambusher_Bad_2"	"Command_Land_Ambushes"	-2
"C_General_Ambusher_Bad_3"	"Command_Land_Ambushes"	-3
"C_General_Americas_Bad_1"	"Command_Land_In_Americas"	-1
"C_General_Americas_Bad_2"	"Command_Land_In_Americas"	-2
"C_General_Americas_Good_1"	"Command_Land_In_Americas"	1
"C_General_Americas_Good_2"	"campaign_map_stealth"	1
"C_General_Americas_Good_2"	"Command_Land_In_Americas"	2
"C_General_Attacker_Bad_1"	"Command_Land_Attack"	-1
"C_General_Attacker_Bad_2"	"Command_Land_Attack"	-2
"C_General_Attacker_Bad_3"	"Command_Land_Attack"	-2
"C_General_Attacker_Bad_3"	"morale_bonus"	-1
"C_General_Attacker_Good_1"	"Command_Land_Attack"	1
"C_General_Attacker_Good_2"	"Command_Land_Attack"	2
"C_General_Attacker_Good_3"	"Command_Land_Attack"	3
"C_General_Attacker_Good_4"	"Command_Land_Attack"	3
"C_General_Attacker_Good_5"	"Command_Land_Attack"	3
"C_General_Austrian_Hates_Ottomans_1"	"hates_ottomans"	1
"C_General_Austrian_Hates_Ottomans_2"	"hates_ottomans"	2
"C_General_Austrian_Hates_Ottomans_3"	"hates_ottomans"	3
"C_General_Bloody_1"	"morale_bonus"	-1
"C_General_Bloody_2"	"mod_battle_death_rate"	-5
"C_General_Bloody_2"	"morale_bonus"	-2
"C_General_Bloody_3"	"mod_battle_death_rate"	-5
"C_General_Bloody_3"	"morale_bonus"	-2
"C_General_Brave_1"	"morale_bonus"	1
"C_General_Brave_2"	"morale_bonus"	2
"C_General_Brave_3"	"morale_bonus"	3
"C_General_Brave_4"	"morale_bonus"	4
"C_General_Brave_5"	"morale_bonus"	4
"C_General_Brave_5"	"prestige_military_generic"	1
"C_General_Coward_1"	"morale_bonus"	-1
"C_General_Coward_2"	"morale_bonus"	-2
"C_General_Coward_3"	"morale_bonus"	-3
"C_General_Coward_4"	"morale_bonus"	-3
"C_General_Defend_Good_1"	"Command_Land_Defence"	1
"C_General_Defend_Good_2"	"Command_Land_Defence"	2
"C_General_Defend_Good_3"	"Command_Land_Defence"	3
"C_General_Defend_Good_4"	"Command_Land_Defence"	3
"C_General_Defend_Good_5"	"Command_Land_Defence"	4
"C_General_Defender_Bad_1"	"Command_Land_Defence"	-1
"C_General_Defender_Bad_2"	"Command_Land_Defence"	-1
"C_General_Defender_Bad_3"	"Command_Land_Defence"	-2
"C_General_Drunkard_1"	"morale_bonus"	1
"C_General_Drunkard_2"	"morale_bonus"	-2
"C_General_Drunkard_3"	"morale_bonus"	-2
"C_General_Drunkard_4"	"character_death_chance_turn_end"	5
"C_General_Drunkard_4"	"morale_bonus"	-2
"C_General_French_Elan_1"	"Command_Land_Cavalry_Troops"	1
"C_General_French_Elan_2"	"Command_Land_Cavalry_Troops"	2
"C_General_French_Elan_3"	"Command_Land_Cavalry_Troops"	3
"C_General_French_Elan_3"	"morale_bonus"	1
"C_General_Good_Field_Commander_5"	"Movement_Points_All_Land"	5
"C_General_India_Bad_1"	"Command_Land_In_India"	-1
"C_General_India_Bad_2"	"Command_Land_In_India"	-2
"C_General_India_Good_1"	"Command_Land_In_India"	1
"C_General_India_Good_2"	"Command_Land_In_India"	2
"C_General_Lampooned_1"	"morale_bonus"	-1
"C_General_Lampooned_2"	"morale_bonus"	-2
"C_General_Lampooned_3"	"morale_bonus"	-3
"C_General_Lampooned_3"	"prestige_military_generic"	-1
"C_General_Mad_1"	"morale_bonus"	1
"C_General_Mad_2"	"morale_bonus"	-1
"C_General_Mad_2"	"Movement_Points_All_Land"	-5
"C_General_Mad_3"	"morale_bonus"	-2
"C_General_Marine_Bad_1"	"Command_Land_Command_Amphibious_Attack"	-1
"C_General_Marine_Bad_2"	"Command_Land_Command_Amphibious_Attack"	-2
"C_General_Marine_Bad_3"	"Command_Land_Command_Amphibious_Attack"	-3
"C_General_Marine_Good_1"	"Command_Land_Command_Amphibious_Attack"	1
"C_General_Marine_Good_2"	"Command_Land_Command_Amphibious_Attack"	2
"C_General_Marine_Good_3"	"Command_Land_Command_Amphibious_Attack"	-3
"C_General_Martinet_1"	"Movement_Points_Land_Infantry"	5
"C_General_Martinet_2"	"morale_bonus"	-1
"C_General_Martinet_2"	"Movement_Points_Land_Infantry"	10
"C_General_Martinet_3"	"morale_bonus"	-1
"C_General_Martinet_3"	"Movement_Points_All_Land"	5
"C_General_Mughal_Anti_European_1"	"hates_europeans"	1
"C_General_Mughal_Anti_European_2"	"hates_europeans"	2
"C_General_Mughal_Anti_European_3"	"hates_europeans"	3
"C_General_of_Artillery_1"	"Command_Land_Artillery_Troops"	1
"C_General_of_Artillery_2"	"Command_Land_Artillery_Troops"	2
"C_General_of_Artillery_2"	"Movement_Points_Land_Artillery"	5
"C_General_of_Artillery_3"	"Command_Land_Artillery_Troops"	2
"C_General_of_Artillery_3"	"Movement_Points_Land_Artillery"	10
"C_General_of_Cavalry_1"	"Command_Land_Cavalry_Troops"	1
"C_General_of_Cavalry_2"	"Command_Land_Cavalry_Troops"	2
"C_General_of_Cavalry_3"	"Command_Land_Cavalry_Troops"	3
"C_General_of_Cavalry_3"	"Movement_Points_Land_Cavalry"	5
"C_General_of_Infantry_1"	"Command_Land_Infantry_Troops"	1
"C_General_of_Infantry_1"	"morale_bonus"	1
"C_General_of_Infantry_2"	"Command_Land_Infantry_Troops"	2
"C_General_of_Infantry_2"	"Movement_Points_Land_Infantry"	5
"C_General_of_Infantry_3"	"Command_Land_Infantry_Troops"	3
"C_General_of_Infantry_3"	"morale_bonus"	-1
"C_General_of_Infantry_3"	"Movement_Points_Land_Infantry"	10
"C_General_Polish_Stubborn_1"	"Command_Land_Defence"	1
"C_General_Polish_Stubborn_2"	"Command_Land_Defence"	2
"C_General_Polish_Stubborn_3"	"Command_Land_Cavalry_Troops"	1
"C_General_Polish_Stubborn_3"	"Command_Land_Defence"	2
"C_General_Press_Hero_1"	"morale_bonus"	1
"C_General_Press_Hero_2"	"morale_bonus"	2
"C_General_Press_Hero_3"	"morale_bonus"	4
"C_General_Prussian_Blue_1"	"Command_Land_Infantry_Troops"	1
"C_General_Prussian_Blue_2"	"Command_Land_Infantry_Troops"	2
"C_General_Prussian_Blue_3"	"Command_Land_Infantry_Troops"	3
"C_General_Prussian_Blue_3"	"morale_bonus"	-1
"C_General_Prussian_Blue_3"	"Movement_Points_All_Land"	5
"C_General_Russian_Vodka_1"	"Command_Land_Defence"	1
"C_General_Russian_Vodka_2"	"Command_Land_Defence"	2
"C_General_Russian_Vodka_3"	"Command_Land_Defence"	3
"C_General_Russian_Vodka_3"	"Movement_Points_All_Land"	-5
"C_General_Scout_1"	"Movement_Points_All_Land"	5
"C_General_Scout_2"	"Movement_Points_All_Land"	10
"C_General_Siege_Attack_Bad_1"	"Command_Land_Siege_Attack"	-1
"C_General_Siege_Attack_Bad_2"	"Command_Land_Siege_Attack"	-2
"C_General_Siege_Attack_Bad_3"	"Command_Land_Siege_Attack"	-3
"C_General_Siege_Attack_Good_1"	"Command_Land_Infantry_Troops"	1
"C_General_Siege_Attack_Good_2"	"Command_Land_Siege_Attack"	1
"C_General_Siege_Attack_Good_3"	"Command_Land_Siege_Attack"	3
"C_General_Siege_Attack_Good_4"	"Command_Land_Siege_Attack"	3
"C_General_Siege_Defend_Bad_1"	"Command_Land_Siege_Defence"	-1
"C_General_Siege_Defend_Bad_2"	"Command_Land_Siege_Defence"	-2
"C_General_Siege_Defend_Bad_3"	"Command_Land_Siege_Defence"	-3
"C_General_Siege_Defend_Good_1"	"Command_Land_Siege_Defence"	1
"C_General_Siege_Defend_Good_2"	"Command_Land_Siege_Defence"	2
"C_General_Siege_Defend_Good_3"	"Command_Land_Siege_Defence"	3
"C_General_Siege_Defend_Good_4"	"Command_Land_Siege_Defence"	3
"C_General_Slacker_1"	"morale_bonus"	1
"C_General_Slacker_2"	"morale_bonus"	1
"C_General_Slacker_2"	"Movement_Points_All_Land"	-5
"C_General_Slacker_3"	"morale_bonus"	-1
"C_General_Slacker_3"	"Movement_Points_All_Land"	-5
"C_General_Swedish_Aggression_1"	"Command_Land_Attack"	1
"C_General_Swedish_Aggression_2"	"Command_Land_Attack"	2
"C_General_Swedish_Aggression_3"	"Command_Land_Attack"	3
"C_General_Turkish_Master_Gunner_1"	"Command_Land_Artillery_Troops"	1
"C_General_Turkish_Master_Gunner_2"	"Command_Land_Artillery_Troops"	2
"C_General_Turkish_Master_Gunner_2"	"Movement_Points_Land_Artillery"	5
"C_General_Turkish_Master_Gunner_3"	"Command_Land_Artillery_Troops"	3
"C_General_Turkish_Master_Gunner_3"	"Movement_Points_Land_Artillery"	5
"C_General_US_Backwoodsman_1"	"Command_Land_In_Americas"	1
"C_General_US_Backwoodsman_2"	"Command_Land_In_Americas"	2
"C_General_US_Backwoodsman_3"	"Command_Land_In_Americas"	2
"C_General_Warlord_1"	"campaign_map_stealth"	1
"C_General_Warlord_2"	"campaign_map_stealth"	1
"C_General_Warlord_3"	"campaign_map_stealth"	1
"C_General_Warlord_3"	"Movement_Points_All_Land"	5
"C_General_Warlord_4"	"campaign_map_stealth"	1
"C_General_Warlord_4"	"Movement_Points_All_Land"	5
"C_Gent_Piety_3"	"education_happy_mod"	5
"C_Gent_Piety_3"	"happy_mod_religious_unrest"	-15
"C_Gent_Research_Agriculture_1"	"research_points_industry"	1
"C_Gent_Research_Agriculture_2"	"research_points_industry"	2
"C_Gent_Research_Agriculture_3"	"research_points_industry"	3
"C_Gent_Research_Agriculture_4"	"research_points_industry"	3
"C_Gent_Research_Economics_1"	"research_points_enlightenment"	1
"C_Gent_Research_Economics_2"	"research_points_enlightenment"	2
"C_Gent_Research_Economics_3"	"research_points_enlightenment"	3
"C_Gent_Research_Economics_4"	"research_points_enlightenment"	3
"C_Gent_Research_Industry_1"	"research_points_industry"	1
"C_Gent_Research_Industry_2"	"research_points_industry"	2
"C_Gent_Research_Industry_3"	"research_points_industry"	3
"C_Gent_Research_Industry_4"	"research_points_industry"	3
"C_Gent_Research_Military_1"	"research_points_military"	1
"C_Gent_Research_Military_2"	"research_points_military"	2
"C_Gent_Research_Military_3"	"research_points_military"	3
"C_Gent_Research_Military_4"	"research_points_military"	3
"C_Gent_Research_Navy_1"	"research_points_military"	1
"C_Gent_Research_Navy_2"	"research_points_military"	2
"C_Gent_Research_Navy_3"	"research_points_military"	3
"C_Gent_Research_Navy_4"	"research_points_military"	3
"C_Gent_Research_Philosophy_1"	"research_points_enlightenment"	1
"C_Gent_Research_Philosophy_2"	"research_points_enlightenment"	2
"C_Gent_Research_Philosophy_3"	"research_points_enlightenment"	3
"C_Gent_Research_Philosophy_4"	"research_points_enlightenment"	3
"C_Gent_Science_Club_1"	"research_points_industry"	1
"C_Gent_Science_Club_2"	"research_points_industry"	1
"C_Gent_Science_Club_3"	"research_points_enlightenment"	1
"C_Gent_Science_Club_3"	"research_points_industry"	1
"C_Infected_Cholera_1"	"Movement_Points_All"	-50
"C_Infected_Cholera_2"	"character_death_chance_turn_end"	20
"C_Infected_Cholera_2"	"Movement_Points_All"	-100
"C_Infected_Dengue_Fever"	"Movement_Points_All"	-50
"C_Infected_Dysentry_1"	"character_death_chance_turn_end"	5
"C_Infected_Dysentry_1"	"Movement_Points_All"	-33
"C_Infected_Influenza_1"	"character_death_chance_turn_end"	1
"C_Infected_Influenza_1"	"Movement_Points_All"	-50
"C_Infected_Leprosy_1"	"morale_bonus"	-1
"C_Infected_Leprosy_1"	"Movement_Points_All"	-15
"C_Infected_Leprosy_2"	"morale_bonus"	-2
"C_Infected_Leprosy_2"	"Movement_Points_All"	-50
"C_Infected_Malaria_1"	"Movement_Points_All"	-33
"C_Infected_Malaria_2"	"character_death_chance_turn_end"	1
"C_Infected_Malaria_2"	"Movement_Points_All"	-66
"C_Infected_Measles_1"	"character_death_chance_turn_end"	1
"C_Infected_Measles_1"	"Movement_Points_All"	-25
"C_Infected_Plague_1"	"character_death_chance_turn_end"	50
"C_Infected_Plague_1"	"Movement_Points_All"	-100
"C_Infected_Scurvy_1"	"mod_ship_movement_campaign"	-25
"C_Infected_Scurvy_1"	"morale_bonus"	-1
"C_Infected_Smallpox_1"	"character_death_chance_turn_end"	5
"C_Infected_Smallpox_1"	"Movement_Points_All"	-50
"C_Infected_Smallpox_2"	"character_death_chance_turn_end"	10
"C_Infected_Smallpox_2"	"Movement_Points_All"	-100
"C_Infected_TB_1"	"Movement_Points_All"	-15
"C_Infected_TB_2"	"character_death_chance_turn_end"	1
"C_Infected_TB_2"	"Movement_Points_All"	-40
"C_Infected_Typhus_1"	"Movement_Points_All"	-50
"C_Infected_Typhus_2"	"character_death_chance_turn_end"	75
"C_Infected_Typhus_2"	"Movement_Points_All"	-100
"C_Infected_Yellow_Fever_1"	"Movement_Points_All"	-50
"C_Infected_Yellow_Fever_2"	"character_death_chance_turn_end"	30
"C_Infected_Yellow_Fever_2"	"Movement_Points_All"	-100
"C_Leader_Agent_99_1"	"personal_security"	-5
"C_Leader_Agent_99_2"	"agent_spawn_rate_mod_rake"	5
"C_Leader_Agent_99_2"	"personal_security"	-10
"C_Leader_Army_Buff_1"	"recruitment_cost_mod_land_all"	-5
"C_Leader_Army_Buff_2"	"recruitment_cost_mod_land_all"	-10
"C_Leader_Army_Buff_3"	"recruitment_cost_mod_category_cavalry"	-5
"C_Leader_Army_Buff_3"	"recruitment_cost_mod_land_all"	-10
"C_Leader_Army_Buff_3"	"research_rate_mod_army_tech"	-5
"C_Leader_Clever_Stick_1"	"prestige_faction_leader"	1
"C_Leader_Clever_Stick_1"	"research_rate_mod"	5
"C_Leader_Clever_Stick_2"	"prestige_faction_leader"	2
"C_Leader_Clever_Stick_2"	"research_rate_mod"	5
"C_Leader_Clever_Stick_3"	"happy_character_upper"	-2
"C_Leader_Clever_Stick_3"	"prestige_faction_leader"	1
"C_Leader_Clever_Stick_3"	"research_rate_mod"	10
"C_Leader_Debauched_1"	"diplomacy_bonus_faction_leader"	-5
"C_Leader_Debauched_2"	"diplomacy_bonus_faction_leader"	-10
"C_Leader_Debauched_3"	"diplomacy_bonus_faction_leader"	-10
"C_Leader_Debauched_3"	"prestige_faction_leader"	-1
"C_Leader_Debauched_4"	"character_death_chance_turn_end"	5
"C_Leader_Debauched_4"	"diplomacy_bonus_faction_leader"	-10
"C_Leader_Debauched_4"	"prestige_faction_leader"	-3
"C_Leader_Dullard_2"	"prestige_faction_leader"	-1
"C_Leader_Dullard_3"	"prestige_faction_leader"	-2
"C_Leader_Enlightened_Despot_1"	"agent_spawn_rate_gentleman"	5
"C_Leader_Enlightened_Despot_1"	"policing_cost_mod"	-5
"C_Leader_Favourites_1"	"happy_character_upper"	1
"C_Leader_Fertile_3"	"agent_spawn_rate_rake"	5
"C_Leader_Foreign_Tastes_1"	"diplomacy_bonus_faction_leader"	5
"C_Leader_Foreign_Tastes_2"	"diplomacy_bonus_faction_leader"	10
"C_Leader_Foreign_Tastes_2"	"happy_character_upper"	-1
"C_Leader_Foreign_Tastes_3"	"building_cost_mod_happiness"	5
"C_Leader_Foreign_Tastes_3"	"diplomacy_bonus_faction_leader"	10
"C_Leader_Foreign_Tastes_3"	"happy_character_upper"	-2
"C_Leader_Harsh_Ruler_1"	"repression_policing_cap"	1
"C_Leader_Harsh_Ruler_2"	"personal_security"	-5
"C_Leader_Harsh_Ruler_2"	"repression_policing_cap"	2
"C_Leader_Harsh_Ruler_3"	"personal_security"	-5
"C_Leader_Harsh_Ruler_3"	"repression_gov_type"	1
"C_Leader_Harsh_Ruler_3"	"repression_policing_cap"	3
"C_Leader_Humanist_1"	"agent_spawn_rate_missionary"	-5
"C_Leader_Humanist_2"	"agent_spawn_rate_missionary"	-10
"C_Leader_Humanist_2"	"happy_character_lower"	-1
"C_Leader_Humanist_2"	"happy_character_middle"	1
"C_Leader_Humanist_3"	"agent_spawn_rate_missionary"	-15
"C_Leader_Humanist_3"	"happy_character_lower"	-2
"C_Leader_Humanist_3"	"research_rate_mod"	5
"C_Leader_Huntin_Shootin_Fishin_2"	"happy_character_upper"	1
"C_Leader_Huntin_Shootin_Fishin_3"	"education_happy_mod"	5
"C_Leader_Huntin_Shootin_Fishin_3"	"happy_character_upper"	2
"C_Leader_Inbred_1"	"prestige_faction_leader"	-1
"C_Leader_Inbred_2"	"prestige_faction_leader"	-1
"C_Leader_Inbred_3"	"prestige_faction_leader"	-2
"C_Leader_Infertile_3"	"agent_spawn_rate_rake"	-5
"C_Leader_Insane_1"	"prestige_faction_leader"	-1
"C_Leader_Insane_2"	"prestige_faction_leader"	-2
"C_Leader_Insane_3"	"prestige_faction_leader"	-2
"C_Leader_Intellectual_Pretensions_1"	"education_happy_mod"	5
"C_Leader_Intellectual_Pretensions_2"	"education_happy_mod"	5
"C_Leader_Intellectual_Pretensions_2"	"research_rate_mod"	5
"C_Leader_Intellectual_Pretensions_3"	"education_happy_mod"	5
"C_Leader_Intellectual_Pretensions_3"	"happy_character_lower"	-1
"C_Leader_Intellectual_Pretensions_3"	"research_rate_mod"	10
"C_Leader_M_1"	"agent_spawn_rate_rake"	5
"C_Leader_M_2"	"agent_spawn_rate_rake"	10
"C_Leader_M_3"	"agent_spawn_rate_gentleman"	5
"C_Leader_M_3"	"agent_spawn_rate_rake"	10
"C_Leader_Merit_1"	"happy_character_middle"	1
"C_Leader_Mr_Waverley_1"	"agent_spawn_rate_rake"	5
"C_Leader_Mr_Waverley_2"	"agent_spawn_rate_gentleman"	5
"C_Leader_Mr_Waverley_2"	"agent_spawn_rate_rake"	5
"C_Leader_Mr_Waverley_3"	"agent_spawn_rate_assassin"	5
"C_Leader_Mr_Waverley_3"	"agent_spawn_rate_gentleman"	5
"C_Leader_Mr_Waverley_3"	"agent_spawn_rate_rake"	5
"C_Leader_Natural_King_1"	"prestige_faction_leader"	1
"C_Leader_Natural_King_2"	"happy_character_upper"	-1
"C_Leader_Natural_King_2"	"prestige_faction_leader"	1
"C_Leader_Natural_President_1"	"education_happy_mod"	5
"C_Leader_Natural_President_1"	"prestige_faction_leader"	1
"C_Leader_Natural_President_2"	"education_happy_mod"	10
"C_Leader_Natural_President_2"	"prestige_faction_leader"	2
"C_Leader_Navy_Buff_1"	"recruitment_cost_mod_naval_all"	-5
"C_Leader_Navy_Buff_2"	"recruitment_cost_mod_naval_all"	-10
"C_Leader_Navy_Buff_3"	"recruitment_cost_mod_naval_all"	-10
"C_Leader_Navy_Buff_3"	"research_rate_mod_navy_tech"	5
"C_Leader_Navy_Buff_3"	"upkeep_cost_mod_naval_all"	5
"C_Leader_Philistine_1"	"building_cost_mod_happiness"	5
"C_Leader_Philistine_1"	"research_rate_mod"	-5
"C_Leader_Philistine_2"	"building_cost_mod_happiness"	5
"C_Leader_Philistine_2"	"education_happy_mod"	-5
"C_Leader_Philistine_2"	"research_rate_mod"	-5
"C_Leader_Philistine_3"	"building_cost_mod_happiness"	10
"C_Leader_Philistine_3"	"education_happy_mod"	-10
"C_Leader_Philistine_3"	"research_rate_mod"	-5
"C_Leader_Uncouth_1"	"happy_character_upper"	-1
"C_Leader_Uncouth_2"	"diplomacy_bonus_faction_leader"	-5
"C_Leader_Uncouth_2"	"happy_character_upper"	-2
"C_Leader_Uncouth_2"	"prestige_faction_leader"	-1
"C_Leader_Uncouth_3"	"happy_character_lower"	1
"C_Leader_Uncouth_3"	"happy_character_upper"	-2
"C_Leader_Uncouth_3"	"prestige_faction_leader"	-2
"C_Leader_Witty_1"	"happy_character_upper"	1
"C_Leader_Witty_2"	"happy_character_upper"	2
"C_Minister_Army_Good_1"	"management_army"	1
"C_Minister_Army_Good_2"	"management_army"	2
"C_Minister_Army_Good_3"	"management_army"	3
"C_Minister_Corrupt_2"	"happy_character_upper"	-1
"C_Minister_Corrupt_3"	"happy_character_upper"	-2
"C_Minister_Entertainer_1"	"happy_character_lower"	1
"C_Minister_Fiscal_Genius_1"	"management_finance"	1
"C_Minister_Fiscal_Genius_2"	"management_finance"	2
"C_Minister_Fiscal_Genius_3"	"management_finance"	3
"C_Minister_Good_Entertainment_2"	"happy_character_lower"	1
"C_Minister_Good_Entertainment_2"	"happy_character_upper"	-1
"C_Minister_Good_Entertainment_3"	"happy_character_lower"	-1
"C_Minister_Good_Entertainment_3"	"happy_character_upper"	1
"C_Minister_Industrialist_1"	"management_finance"	1
"C_Minister_Industrialist_2"	"happy_character_lower"	-1
"C_Minister_Industrialist_2"	"management_finance"	2
"C_Minister_Industrialist_3"	"happy_character_lower"	-2
"C_Minister_Industrialist_3"	"management_finance"	2
"C_Minister_Miser_1"	"management_finance"	-2
"C_Minister_Navy_Good_1"	"management_navy"	1
"C_Minister_Navy_Good_2"	"management_navy"	2
"C_Minister_Navy_Good_3"	"management_navy"	3
"C_Minister_Physiocrat_1"	"happy_character_upper"	1
"C_Minister_Physiocrat_1"	"management_finance"	-1
"C_Minister_Physiocrat_2"	"happy_character_upper"	1
"C_Minister_Physiocrat_2"	"management_finance"	-2
"C_Minister_Radical_1"	"education_happy_mod"	3
"C_Minister_Radical_1"	"happy_character_lower"	1
"C_Minister_Radical_1"	"happy_character_upper"	-1
"C_Minister_Reactionary_1"	"education_happy_mod"	-3
"C_Minister_Reactionary_1"	"happy_character_lower"	-1
"C_Minister_Reactionary_1"	"happy_character_upper"	1
"C_Minister_Trader_1"	"happy_character_middle"	1
"C_Minister_Trader_1"	"management_finance"	1
"C_Minister_Trader_2"	"happy_character_middle"	2
"C_Minister_Trader_2"	"management_finance"	2
"C_Minister_Unjust_1"	"happy_character_lower"	-1
"C_Minister_Unjust_1"	"management_justice"	1
"C_Minister_Unjust_2"	"happy_character_lower"	-2
"C_Minister_Unjust_2"	"happy_character_middle"	1
"C_Minister_Unjust_2"	"management_justice"	2
"C_Minister_Unjust_3"	"happy_character_lower"	-2
"C_Minister_Unjust_3"	"happy_character_middle"	-1
"C_Minister_Unjust_3"	"management_justice"	3
"C_Minister_Upright_2"	"happy_character_upper"	-1
"C_Minister_Upright_2"	"management_finance"	1
"C_Minister_Upright_3"	"happy_character_upper"	-2
"C_Minister_Upright_3"	"management_finance"	3
"C_Missionary_Gone_Native_1"	"zeal_america"	-1
"C_Missionary_Hate_America_1"	"zeal_america"	-1
"C_Missionary_Hate_America_2"	"zeal_america"	-2
"C_Missionary_Hate_Europe_1"	"zeal_europe"	-1
"C_Missionary_Hate_Europe_2"	"zeal_europe"	-2
"C_Missionary_Hate_India_1"	"zeal_india"	-1
"C_Missionary_Hate_India_2"	"zeal_india"	-2
"C_Missionary_Hate_India_3"	"zeal_india"	-3
"C_Missionary_Like_America_1"	"zeal_america"	1
"C_Missionary_Like_America_2"	"zeal_america"	2
"C_Missionary_Like_Europe_1"	"zeal_europe"	1
"C_Missionary_Like_Europe_2"	"zeal_europe"	2
"C_Missionary_Like_India_1"	"zeal_india"	1
"C_Missionary_Like_India_2"	"zeal_india"	2
"C_Personal_Hale_1"	"Movement_Points_All"	5
"C_Personal_Hale_2"	"Movement_Points_All"	5
"C_Personal_Hale_3"	"Movement_Points_All"	10
"C_Personal_High_Personal_Security_1"	"personal_security"	-5
"C_Personal_High_Personal_Security_2"	"personal_security"	-10
"C_Personal_High_Personal_Security_3"	"personal_security"	-15
"C_Personal_Piety_1"	"happy_mod_religious_unrest"	-5
"C_Personal_Piety_2"	"happy_mod_religious_unrest"	-10
"C_Personal_Sickly_1"	"Movement_Points_All"	-5
"C_Personal_Sickly_2"	"Movement_Points_All"	-10
"C_Personal_Sickly_3"	"Movement_Points_All"	-15
"C_Rake_Assassin_Good_1"	"subterfuge_assassination"	1
"C_Rake_Assassin_Good_2"	"subterfuge_assassination"	2
"C_Rake_Assassin_Good_3"	"subterfuge_assassination"	4
"C_Rake_Counter_Spy_1"	"subterfuge_counterspying"	1
"C_Rake_Counter_Spy_2"	"subterfuge_counterspying"	2
"C_Rake_Counter_Spy_3"	"subterfuge_counterspying"	3
"C_Rake_Gate_Opener_1"	"subterfuge_sabotage"	1
"C_Rake_Gate_Opener_2"	"subterfuge_sabotage"	2
"C_Rake_Im_A_Laydee_1"	"subterfuge_assassination"	1
"C_Rake_Im_A_Laydee_2"	"subterfuge_assassination"	3
"C_Rake_Im_A_Laydee_2"	"subterfuge_sabotage"	1
"C_Rake_Naughty_Club_1"	"subterfuge_counterspying"	1
"C_Rake_Naughty_Club_1"	"subterfuge_spying"	1
"C_Rake_Naughty_Club_2"	"subterfuge_counterspying"	1
"C_Rake_Naughty_Club_2"	"subterfuge_spying"	1
"C_Rake_Naughty_Club_3"	"subterfuge_counterspying"	-1
"C_Rake_Naughty_Club_3"	"subterfuge_spying"	-2
"C_Rake_Sabot_Good_1"	"subterfuge_sabotage"	1
"C_Rake_Sabot_Good_2"	"subterfuge_sabotage"	2
"C_Sausage_Vice_1"	"Movement_Points_All"	-1
"C_Sausage_Vice_2"	"Movement_Points_All"	-2
"C_Sausage_Vice_3"	"Movement_Points_All"	-3
"C_Sausage_Vice_4"	"Movement_Points_All"	-4
"C_Sausage_Vice_5"	"Movement_Points_All"	-5
"C_Sausage_Vice_6"	"character_death_chance_turn_end"	5
"C_Siege_Engineering_1"	"Command_Land_Siege_Attack"	1
"C_Siege_Engineering_2"	"Command_Land_Siege_Attack"	2
"C_Siege_Engineering_3"	"Command_Land_Siege_Attack"	3
"U_American_Expert_Troops_1"	"hide_enable_scrub"	1
"U_American_Expert_Troops_1"	"mod_unit_marksmanship"	1
"U_American_Expert_Troops_2"	"hide_enable_scrub"	0
"U_American_Expert_Troops_2"	"mod_unit_marksmanship"	2
"U_Bright_Sabres_1"	"mod_unit_melee_attack"	1
"U_Bright_Sabres_2"	"mod_unit_melee_attack"	2
"U_Cold_Steel_1"	"mod_unit_melee_attack"	1
"U_Cold_Steel_2"	"mod_unit_melee_attack"	2
"U_European_Expert_Troops_1"	"mod_unit_melee_attack"	1
"U_European_Expert_Troops_2"	"mod_unit_melee_attack"	1
"U_European_Expert_Troops_2"	"mod_unit_melee_defence"	1
"U_Indian_Expert_Troops_1"	"mod_unit_melee_defence"	1
"U_Indian_Expert_Troops_2"	"mod_unit_melee_defence"	2
"U_Infected_Cholera_1"	"Movement_Points_All"	-75
"U_Infected_Dengue_Fever_1"	"Movement_Points_All"	-50
"U_Infected_Dysentry_1"	"morale_bonus"	-1
"U_Infected_Dysentry_1"	"Movement_Points_All"	-75
"U_Infected_Influenza_1"	"Movement_Points_All"	-50
"U_Infected_Malaria_1"	"morale_bonus"	-1
"U_Infected_Malaria_1"	"Movement_Points_All"	-25
"U_Infected_Measles_1"	"Movement_Points_All"	-25
"U_Infected_Plague_1"	"Movement_Points_All"	-100
"U_Infected_Scurvy_1"	"Movement_Points_All"	-33
"U_Infected_Smallpox_1"	"Movement_Points_All"	-50
"U_Infected_TB_1"	"mod_unit_marksmanship"	-1
"U_Infected_TB_1"	"Movement_Points_All"	-25
"U_Infected_Typhus_1"	"Movement_Points_All"	-75
"U_Infected_Yellow_Fever_1"	"Movement_Points_All"	-50
"U_Magic_Talismans_1"	"morale_bonus"	5
"U_Prime_Mover_1"	"Movement_Points_Land_Artillery"	10
"U_Prime_Mover_2"	"Movement_Points_Land_Artillery"	15
"U_Repressive_Policing_1"	"repression_garrison"	2
"U_Repressive_Policing_2"	"repression_garrison"	3
"U_Sharpshooters_1"	"mod_unit_marksmanship"	1
"U_Sharpshooters_2"	"hide_enable_snipe"	0
"U_Sharpshooters_2"	"mod_unit_marksmanship"	2
"U_Ship_Boarding_Attack_1"	"mod_unit_melee_attack"	1
"U_Ship_Boarding_Attack_2"	"mod_unit_melee_attack"	2
"U_Ship_Boarding_Defence_1"	"mod_unit_melee_defence"	1
"U_Ship_Boarding_Defence_2"	"mod_unit_melee_defence"	2
"C_General_Siege_Attack_Good_1"	"Command_Land_Siege_Attack"	1
"C_Tribal_General_Attacker_Bad_1"	"Command_Land_Attack"	-1
"C_Tribal_General_Attacker_Bad_2"	"Command_Land_Attack"	-2
"C_Tribal_General_Attacker_Bad_3"	"Command_Land_Attack"	-3
"C_Tribal_General_Attacker_Good_1"	"Command_Land_Attack"	1
"C_Tribal_General_Attacker_Good_2"	"Command_Land_Attack"	2
"C_Tribal_General_Attacker_Good_3"	"Command_Land_Attack"	3
"C_Tribal_General_Attacker_Good_4"	"Command_Land_Attack"	3
"C_Tribal_General_Attacker_Good_5"	"Command_Land_Attack"	3
"C_Tribal_General_Bloody_1"	"morale_bonus"	-1
"C_Tribal_General_Bloody_2"	"mod_battle_death_rate"	-5
"C_Tribal_General_Bloody_2"	"morale_bonus"	-2
"C_Tribal_General_Bloody_3"	"mod_battle_death_rate"	-5
"C_Tribal_General_Bloody_3"	"morale_bonus"	-2
"C_Tribal_General_Born_Soldier_1"	"morale_bonus"	1
"C_Tribal_General_Born_Soldier_2"	"morale_bonus"	2
"C_Tribal_General_Born_Soldier_3"	"morale_bonus"	3
"C_Tribal_General_Brave_1"	"morale_bonus"	1
"C_Tribal_General_Brave_2"	"morale_bonus"	2
"C_Tribal_General_Brave_3"	"morale_bonus"	3
"C_Tribal_General_Brave_4"	"morale_bonus"	4
"C_Tribal_General_Brave_5"	"morale_bonus"	5
"C_Tribal_General_Cherokee_1"	"Command_Land_Ambushes"	1
"C_Tribal_General_Cherokee_2"	"Command_Land_Ambushes"	2
"C_Tribal_General_Cherokee_3"	"Command_Land_Ambushes"	3
"C_Tribal_General_Coward_1"	"morale_bonus"	-1
"C_Tribal_General_Coward_2"	"morale_bonus"	-2
"C_Tribal_General_Coward_3"	"morale_bonus"	-3
"C_Tribal_General_Coward_4"	"morale_bonus"	-4
"C_Tribal_General_Defender_Bad_1"	"Command_Land_Defence"	-1
"C_Tribal_General_Defender_Bad_2"	"Command_Land_Defence"	-2
"C_Tribal_General_Defender_Bad_3"	"Command_Land_Defence"	-3
"C_Tribal_General_Defender_Good_1"	"Command_Land_Defence"	1
"C_Tribal_General_Defender_Good_2"	"Command_Land_Defence"	2
"C_Tribal_General_Defender_Good_3"	"Command_Land_Defence"	3
"C_Tribal_General_Defender_Good_4"	"Command_Land_Defence"	4
"C_Tribal_General_Defender_Good_5"	"Command_Land_Defence"	5
"C_Tribal_General_Good_Field_Commander_5"	"Movement_Points_All_Land"	5
"C_Tribal_General_Hates_Europeans_1"	"hates_europeans"	1
"C_Tribal_General_Hates_Europeans_2"	"hates_europeans"	2
"C_Tribal_General_Hates_Europeans_3"	"hates_europeans"	3
"C_Tribal_General_Hates_Europeans_Reset_1"	"hates_europeans"	-3
"C_Tribal_General_Huron_1"	"Command_Land_Infantry_Troops"	1
"C_Tribal_General_Huron_2"	"Command_Land_Infantry_Troops"	2
"C_Tribal_General_Huron_3"	"Command_Land_Infantry_Troops"	3
"C_Tribal_General_Iroquois_1"	"Command_Land_Ambushes"	1
"C_Tribal_General_Iroquois_2"	"Command_Land_Ambushes"	2
"C_Tribal_General_Iroquois_3"	"Command_Land_Ambushes"	3
"C_Tribal_General_Lampooned_1"	"morale_bonus"	-1
"C_Tribal_General_Lampooned_2"	"morale_bonus"	-2
"C_Tribal_General_Lampooned_3"	"morale_bonus"	-3
"C_Tribal_General_Mad_1"	"morale_bonus"	1
"C_Tribal_General_Mad_2"	"morale_bonus"	-1
"C_Tribal_General_Mad_2"	"Movement_Points_All_Land"	-5
"C_Tribal_General_Mad_3"	"morale_bonus"	-2
"C_Tribal_General_of_Cavalry_1"	"Command_Land_Cavalry_Troops"	1
"C_Tribal_General_of_Cavalry_2"	"Command_Land_Cavalry_Troops"	2
"C_Tribal_General_of_Cavalry_3"	"Command_Land_Cavalry_Troops"	3
"C_Tribal_General_of_Cavalry_3"	"Movement_Points_Land_Cavalry"	5
"C_Tribal_General_Plains_1"	"Command_Land_Cavalry_Troops"	1
"C_Tribal_General_Plains_2"	"Command_Land_Cavalry_Troops"	2
"C_Tribal_General_Plains_3"	"Command_Land_Cavalry_Troops"	3
"C_Tribal_General_Plains_Coup_1"	"morale_bonus"	1
"C_Tribal_General_Plains_Coup_2"	"morale_bonus"	2
"C_Tribal_General_Plains_Coup_3"	"morale_bonus"	3
"C_Tribal_General_Press_Hero_1"	"morale_bonus"	1
"C_Tribal_General_Press_Hero_2"	"morale_bonus"	2
"C_Tribal_General_Press_Hero_3"	"morale_bonus"	3
"C_Tribal_General_Pueblo_1"	"Command_Land_Cavalry_Troops"	1
"C_Tribal_General_Pueblo_2"	"Command_Land_Cavalry_Troops"	2
"C_Tribal_General_Pueblo_3"	"Command_Land_Cavalry_Troops"	3
"C_Tribal_General_Siege_Attack_Bad_1"	"Command_Land_Siege_Attack"	-1
"C_Tribal_General_Siege_Attack_Bad_2"	"Command_Land_Siege_Attack"	-2
"C_Tribal_General_Siege_Attack_Bad_3"	"Command_Land_Siege_Attack"	-3
"C_Tribal_General_Siege_Attack_Good_1"	"Command_Land_Siege_Attack"	1
"C_Tribal_General_Siege_Attack_Good_2"	"Command_Land_Siege_Attack"	2
"C_Tribal_General_Siege_Attack_Good_3"	"Command_Land_Siege_Attack"	3
"C_Tribal_General_Siege_Attack_Good_4"	"Command_Land_Siege_Attack"	4
"C_Tribal_General_Siege_Defend_Bad_1"	"Command_Land_Siege_Defence"	-1
"C_Tribal_General_Siege_Defend_Bad_2"	"Command_Land_Siege_Defence"	-2
"C_Tribal_General_Siege_Defend_Bad_3"	"Command_Land_Siege_Defence"	-3
"C_Tribal_General_Siege_Defend_Good_1"	"Command_Land_Siege_Defence"	1
"C_Tribal_General_Siege_Defend_Good_2"	"Command_Land_Siege_Defence"	2
"C_Tribal_General_Siege_Defend_Good_3"	"Command_Land_Siege_Defence"	3
"C_Tribal_Leader_Catholic_1"	"happy_mod_religious_unrest"	5
"C_Tribal_Leader_Catholic_2"	"happy_mod_religious_unrest"	10
"C_Tribal_Leader_Clever_Stick_1"	"research_rate_mod"	2
"C_Tribal_Leader_Clever_Stick_2"	"research_rate_mod"	5
"C_Tribal_Leader_Clever_Stick_3"	"happy_character_upper"	-2
"C_Tribal_Leader_Clever_Stick_3"	"research_rate_mod"	10
"C_Tribal_Leader_Cursed_Iroquois_Flying_Head_1"	"morale_bonus"	-5
"C_Tribal_Leader_Cursed_Iroquois_Flying_Head_2"	"morale_bonus"	-7
"C_Tribal_Leader_Cursed_Iroquois_Flying_Head_3"	"morale_bonus"	-10
"C_Tribal_Leader_Debauched_1"	"diplomacy_bonus_faction_leader"	-5
"C_Tribal_Leader_Debauched_2"	"diplomacy_bonus_faction_leader"	-10
"C_Tribal_Leader_Debauched_3"	"diplomacy_bonus_faction_leader"	-10
"C_Tribal_Leader_Debauched_4"	"character_death_chance_turn_end"	5
"C_Tribal_Leader_Debauched_4"	"diplomacy_bonus_faction_leader"	-10
"C_Tribal_Leader_Foreign_Tastes_1"	"diplomacy_bonus_faction_leader"	5
"C_Tribal_Leader_Foreign_Tastes_2"	"diplomacy_bonus_faction_leader"	10
"C_Tribal_Leader_Foreign_Tastes_2"	"happy_character_upper"	-1
"C_Tribal_Leader_Foreign_Tastes_3"	"building_cost_mod_happiness"	5
"C_Tribal_Leader_Foreign_Tastes_3"	"diplomacy_bonus_faction_leader"	10
"C_Tribal_Leader_Foreign_Tastes_3"	"happy_character_upper"	-2
"C_Tribal_Leader_Harsh_Ruler_1"	"repression_policing_cap"	1
"C_Tribal_Leader_Harsh_Ruler_2"	"repression_policing_cap"	2
"C_Tribal_Leader_Hindu_1"	"happy_mod_religious_unrest"	5
"C_Tribal_Leader_Hindu_2"	"happy_mod_religious_unrest"	10
"C_Tribal_Leader_Huntin_Shootin_Fishin_2"	"happy_character_upper"	1
"C_Tribal_Leader_Huntin_Shootin_Fishin_3"	"happy_character_upper"	2
"C_Tribal_Leader_Islamic_1"	"happy_mod_religious_unrest"	5
"C_Tribal_Leader_Islamic_2"	"happy_mod_religious_unrest"	10
"C_Tribal_Leader_Mad_1"	"morale_bonus"	-1
"C_Tribal_Leader_Mad_2"	"morale_bonus"	-2
"C_Tribal_Leader_Mad_3"	"morale_bonus"	-3
"C_Tribal_Leader_Orthodox_1"	"happy_mod_religious_unrest"	5
"C_Tribal_Leader_Orthodox_2"	"happy_mod_religious_unrest"	5
"C_Tribal_Leader_Peacemaker_1"	"diplomacy_bonus_faction_leader"	1
"C_Tribal_Leader_Peacemaker_2"	"diplomacy_bonus_faction_leader"	2
"C_Tribal_Leader_Peacemaker_3"	"diplomacy_bonus_faction_leader"	3
"C_Tribal_Leader_Plains_Cursed_1"	"morale_bonus"	-1
"C_Tribal_Leader_Plains_Cursed_2"	"morale_bonus"	-2
"C_Tribal_Leader_Plains_Cursed_3"	"morale_bonus"	-3
"C_Tribal_Leader_Protestant_1"	"happy_mod_religious_unrest"	5
"C_Tribal_Leader_Protestant_2"	"happy_mod_religious_unrest"	10
"C_Tribal_Minister_Agriculturalist_1"	"research_points"	1
"C_Tribal_Minister_Agriculturalist_2"	"research_points"	2
"C_Tribal_Minister_Army_Good_1"	"research_points_military"	1
"C_Tribal_Minister_Army_Good_2"	"research_points_military"	2
"C_Tribal_Minister_Army_Good_3"	"research_points_military"	3
"C_Tribal_Minister_Industrialist_1"	"research_points"	1
"C_Tribal_Minister_Industrialist_2"	"happy_character_lower"	-1
"C_Tribal_Minister_Industrialist_2"	"research_points"	2
"C_Tribal_Minister_Industrialist_3"	"happy_character_lower"	-2
"C_Tribal_Minister_Industrialist_3"	"research_points"	2
"C_Tribal_Minister_Trader_1"	"happy_character_middle"	1
"C_Tribal_Minister_Trader_1"	"management_finance"	1
"C_Tribal_Minister_Trader_2"	"happy_character_middle"	2
"C_Tribal_Minister_Trader_2"	"management_finance"	2
"C_Tribal_Scout_Good_Army_Sabotage_1"	"subterfuge_sabotage"	1
"C_Tribal_Scout_Good_Army_Sabotage_2"	"subterfuge_sabotage"	2
"C_Tribal_Scout_Good_Assassin_1"	"subterfuge_assassination"	1
"C_Tribal_Scout_Good_Assassin_2"	"subterfuge_assassination"	2
"C_Tribal_Scout_Good_Assassin_3"	"subterfuge_assassination"	3
"C_Tribal_Scout_Good_Spy_1"	"subterfuge_spying"	1
"C_Tribal_Scout_Good_Spy_2"	"subterfuge_spying"	2
"C_Tribal_Scout_Good_Spy_3"	"subterfuge_spying"	3
"C_Tribal_Scout_Sabot_Good_1"	"subterfuge_sabotage"	1
"C_Tribal_Scout_Sabot_Good_2"	"subterfuge_sabotage"	2
"C_Tribal_Shaman_Likes_Mushrooms_1"	"subterfuge_spying"	1
"C_Tribal_Shaman_Likes_Mushrooms_2"	"subterfuge_spying"	2
"C_Tribal_Shaman_Likes_Mushrooms_3"	"subterfuge_spying"	3
"C_Tribal_Shaman_Plains_Buffalo_Dancer_1"	"agent_spawn_rate_missionary"	1
"C_Tribal_Shaman_Plains_Buffalo_Dancer_1"	"morale_bonus"	1
"C_Tribal_Shaman_Plains_Buffalo_Dancer_2"	"agent_spawn_rate_missionary"	2
"C_Tribal_Shaman_Plains_Buffalo_Dancer_2"	"morale_bonus"	1
"C_Tribal_Shaman_Plains_Buffalo_Dancer_3"	"agent_spawn_rate_missionary"	3
"C_Tribal_Shaman_Plains_Buffalo_Dancer_3"	"morale_bonus"	2
"C_Tribal_Shaman_Powwow_1"	"diplomacy_bonus_faction_leader"	1
"C_Tribal_Shaman_Powwow_1"	"zeal_america"	1
"C_Tribal_Shaman_Powwow_2"	"diplomacy_bonus_faction_leader"	2
"C_Tribal_Shaman_Powwow_2"	"zeal_america"	1
"C_Tribal_Shaman_Pueblo_Sun_Dancer_1"	"agent_spawn_rate_missionary"	1
"C_Tribal_Shaman_Pueblo_Sun_Dancer_1"	"morale_bonus"	1
"C_Tribal_Shaman_Pueblo_Sun_Dancer_2"	"agent_spawn_rate_missionary"	1
"C_Tribal_Shaman_Pueblo_Sun_Dancer_2"	"morale_bonus"	2
"C_Tribal_Shaman_Research_Military_1"	"research_points_military"	1
"C_Tribal_Shaman_Research_Military_2"	"research_points_military"	2
"C_Tribal_Shaman_Research_Military_3"	"research_points_military"	3
"C_Tribal_Shaman_Research_Military_4"	"research_points_military"	4
"C_Tribal_Leader_Dullard_2"	"research_rate_mod"	-2
"C_Tribal_Leader_Dullard_1"	"research_rate_mod"	-1
"C_Tribal_Leader_Dullard_3"	"research_rate_mod"	-3
"C_Tribal_Leader_Harsh_Ruler_3"	"repression_policing_cap"	3
