version 1, schema building_effects_junction_tables
Building_IDRef(string)	Effect_IDRef(string)	Magnitude(float)
"admiralty"	"prestige_message"	1
"army_barracks"	"recruitment_points"	1
"army_board"	"recruitment_points"	3
"army_encampment"	"recruitment_points"	1
"army_staff_college"	"prestige_message"	1
"army_staff_college"	"recruitment_points"	4
"basic_roads"	"enable_cadenced_marching"	1
"basic_roads"	"tw_growth_roads"	3
"bawdy_house"	"agent_spawn_rate_assassin"	4
"bawdy_house"	"agent_spawn_rate_rake"	4
"bawdy_house"	"happy_culture_lower"	3
"bawdy_house"	"happy_culture_middle"	3
"ceramics_factory"	"gdp_industry"	900
"ceramics_factory"	"happy_industrialisation_lower"	-2
"ceramics_factory"	"prestige_message"	1
"ceramics_factory"	"tw_growth_industry"	12
"coaching_inn"	"agent_spawn_rate_assassin"	2
"coaching_inn"	"agent_spawn_rate_rake"	2
"coaching_inn"	"happy_culture_lower"	2
"coaching_inn"	"happy_culture_middle"	2
"coffee_warehouse"	"commodity_prod_coffee"	40
"coffee_warehouse"	"prestige_message"	1
"college"	"agent_research_slots"	1
"college"	"agent_spawn_rate_eastern_scholar"	6
"college"	"agent_spawn_rate_gentleman"	6
"college"	"happy_clamour_for_reform_all_classes"	-5
"college"	"research_points"	13
"commercial_basin"	"export_capacity_port"	180
"commercial_basin"	"gdp_port"	400
"commercial_basin"	"naval_recruitment_points"	1
"commercial_basin"	"trade_routes_mod_max_sea"	4
"commercial_basin"	"tw_growth_port"	5
"commercial_port"	"export_capacity_port"	60
"commercial_port"	"gdp_port"	300
"commercial_port"	"naval_recruitment_points"	1
"commercial_port"	"trade_routes_mod_max_sea"	3
"commercial_port"	"tw_growth_port"	3
"conservatorium"	"happy_culture_lower"	1
"conservatorium"	"happy_culture_middle"	1
"conservatorium"	"happy_culture_upper"	1
"conservatorium"	"tw_growth_education"	1
"corn_clearances"	"gdp_farm"	200
"corn_clearances"	"happy_industrialisation_lower"	-1
"corn_clearances"	"pop_growth_farm"	0.4
"corn_clearances"	"pop_maxpop_modifier"	20
"corn_clearances"	"resource_prod_corn"	1
"corn_great_estates"	"gdp_farm"	250
"corn_great_estates"	"pop_growth_farm"	0.5
"corn_great_estates"	"pop_maxpop_modifier"	30
"corn_great_estates"	"resource_prod_corn"	1
"corn_great_royal_palace"	"gdp_farm"	300
"corn_great_royal_palace"	"happy_culture_upper"	1
"corn_great_royal_palace"	"pop_growth_farm"	0.5
"corn_great_royal_palace"	"pop_maxpop_modifier"	30
"corn_great_royal_palace"	"prestige_message"	1
"corn_great_royal_palace"	"resource_prod_corn"	1
"corn_peasant_farms"	"gdp_farm"	100
"corn_peasant_farms"	"pop_growth_farm"	0.2
"corn_peasant_farms"	"pop_maxpop_modifier"	5
"corn_peasant_farms"	"resource_prod_corn"	1
"corn_tenanted_farms"	"gdp_farm"	150
"corn_tenanted_farms"	"pop_growth_farm"	0.3
"corn_tenanted_farms"	"pop_maxpop_modifier"	10
"corn_tenanted_farms"	"resource_prod_corn"	1
"cotton_warehouse"	"commodity_prod_cotton"	40
"cotton_warehouse"	"prestige_message"	1
"craft_workshops_metal"	"gdp_industry"	400
"craft_workshops_metal"	"tw_growth_industry"	6
"craft_workshops_pottery"	"gdp_industry"	300
"craft_workshops_pottery"	"tw_growth_industry"	6
"craft_workshops_textiles"	"gdp_industry"	300
"craft_workshops_textiles"	"tw_growth_industry"	7
"deep_gem_shaft"	"gdp_mine"	1000
"deep_gem_shaft"	"happy_industrialisation_lower"	-1
"deep_gem_shaft"	"resource_prod_gems"	1
"dockyard"	"happy_industrialisation_lower"	-1
"dockyard"	"naval_recruitment_points"	2
"drill_school"	"recruitment_points"	2
"drydock"	"happy_industrialisation_lower"	-1
"drydock"	"naval_recruitment_points"	3
"engineer_school"	"prestige_message"	1
"enlightened_university"	"agent_research_slots"	3
"enlightened_university"	"agent_spawn_rate_eastern_scholar"	12
"enlightened_university"	"agent_spawn_rate_gentleman"	12
"enlightened_university"	"happy_clamour_for_reform_all_classes"	-8
"enlightened_university"	"prestige_message"	1
"enlightened_university"	"research_points"	24
"fishing_fleet"	"gdp_port"	300
"fishing_fleet"	"naval_recruitment_points"	1
"fishing_fleet"	"pop_growth_port_fishing"	0.5
"fur_exchange"	"commodity_prod_furs"	40
"fur_market"	"commodity_prod_furs"	25
"fur_merchant"	"commodity_prod_furs"	15
"gold_mine"	"gdp_mine"	1200
"gold_mine"	"resource_prod_gold"	1
"governors_mansion"	"agent_spawn_rate_basic_hidden"	0.5
"governors_mansion"	"recruitment_points"	1
"governors_mansion"	"region_turns_to_surrender"	3
"governors_mansion"	"repression_building"	2
"governors_mansion"	"tax_bonus_building"	6
"governors_palace"	"agent_spawn_rate_basic_hidden"	0.5
"governors_palace"	"recruitment_points"	2
"governors_palace"	"region_turns_to_surrender"	4
"governors_palace"	"repression_building"	3
"governors_palace"	"tax_bonus_building"	9
"governors_residence"	"agent_spawn_rate_basic_hidden"	0.5
"governors_residence"	"recruitment_points"	1
"governors_residence"	"region_turns_to_surrender"	2
"governors_residence"	"repression_building"	1
"governors_residence"	"tax_bonus_building"	3
"grand_opera_house"	"happy_culture_lower"	3
"grand_opera_house"	"happy_culture_middle"	3
"grand_opera_house"	"happy_culture_upper"	3
"grand_opera_house"	"tw_growth_education"	3
"great_museum"	"happy_culture_lower"	4
"great_museum"	"happy_culture_middle"	4
"great_museum"	"happy_culture_upper"	4
"great_museum"	"prestige_message"	1
"great_museum"	"tw_growth_education"	4
"imperial_palace"	"agent_spawn_rate_basic_hidden"	0.5
"imperial_palace"	"recruitment_points"	3
"imperial_palace"	"region_turns_to_surrender"	6
"imperial_palace"	"repression_building"	5
"imperial_palace"	"tax_bonus_building"	15
"improved_roads"	"enable_cadenced_marching"	1
"improved_roads"	"tw_growth_roads"	4
"improved_settlement_fortifications"	"happy_culture_lower"	1
"improved_settlement_fortifications"	"happy_culture_middle"	1
"improved_settlement_fortifications"	"happy_culture_upper"	1
"improved_settlement_fortifications"	"large_city_fortifications"	1
"improved_settlement_fortifications"	"prestige_message"	1
"industrial_gold_mining_complex"	"gdp_mine"	1600
"industrial_gold_mining_complex"	"happy_industrialisation_lower"	-2
"industrial_gold_mining_complex"	"resource_prod_gold"	1
"industrial_iron_mining_complex"	"gdp_mine"	900
"industrial_iron_mining_complex"	"happy_industrialisation_lower"	-2
"industrial_iron_mining_complex"	"resource_prod_iron"	1
"industrial_silver_mining_complex"	"gdp_mine"	1400
"industrial_silver_mining_complex"	"happy_industrialisation_lower"	-2
"industrial_silver_mining_complex"	"resource_prod_silver"	1
"iron_mine"	"gdp_mine"	700
"iron_mine"	"resource_prod_iron"	1
"iron_workshops"	"gdp_industry"	600
"iron_workshops"	"tw_growth_industry"	8
"ironmasters_works"	"gdp_industry"	800
"ironmasters_works"	"happy_industrialisation_lower"	-1
"ironmasters_works"	"tw_growth_industry"	10
"kilns"	"gdp_industry"	700
"kilns"	"happy_industrialisation_lower"	-1
"kilns"	"tw_growth_industry"	10
"large_coffee_plantation"	"commodity_prod_coffee"	25
"large_cotton_plantation"	"commodity_prod_cotton"	25
"large_spices_plantation"	"commodity_prod_spices"	25
"large_sugar_plantation"	"commodity_prod_sugar"	25
"large_tea_plantation"	"commodity_prod_tea"	25
"large_tobacco_plantation"	"commodity_prod_tobacco"	25
"local_fishery"	"gdp_port"	200
"local_fishery"	"naval_recruitment_points"	1
"local_fishery"	"pop_growth_port_fishing"	0.3
"magistrate"	"agent_spawn_rate_basic_hidden"	0.5
"magistrate"	"recruitment_points"	1
"magistrate"	"region_turns_to_surrender"	1
"magistrate"	"repression_building"	1
"major_fishery"	"gdp_port"	400
"major_fishery"	"naval_recruitment_points"	1
"major_fishery"	"pop_growth_port_fishing"	0.6
"military_academy"	"recruitment_points"	2
"minor_governors_barracks"	"agent_spawn_rate_basic_hidden"	0.5
"minor_governors_barracks"	"recruitment_points"	2
"minor_governors_barracks"	"region_turns_to_surrender"	2
"minor_governors_barracks"	"repression_building"	1
"minor_governors_barracks"	"tax_bonus_building"	3
"minor_governors_encampment"	"agent_spawn_rate_basic_hidden"	0.5
"minor_governors_encampment"	"recruitment_points"	1
"minor_governors_encampment"	"region_turns_to_surrender"	2
"minor_governors_encampment"	"repression_building"	1
"minor_governors_encampment"	"tax_bonus_building"	3
"minor_governors_mansion"	"agent_spawn_rate_basic_hidden"	0.5
"minor_governors_mansion"	"recruitment_points"	1
"minor_governors_mansion"	"region_turns_to_surrender"	3
"minor_governors_mansion"	"repression_building"	2
"minor_governors_mansion"	"tax_bonus_building"	6
"minor_governors_palace"	"agent_spawn_rate_basic_hidden"	0.5
"minor_governors_palace"	"recruitment_points"	1
"minor_governors_palace"	"region_turns_to_surrender"	4
"minor_governors_palace"	"repression_building"	3
"minor_governors_palace"	"tax_bonus_building"	9
"minor_governors_residence"	"agent_spawn_rate_basic_hidden"	0.5
"minor_governors_residence"	"recruitment_points"	1
"minor_governors_residence"	"region_turns_to_surrender"	2
"minor_governors_residence"	"repression_building"	1
"minor_governors_residence"	"tax_bonus_building"	3
"minor_magistrate"	"agent_spawn_rate_basic_hidden"	0.5
"minor_magistrate"	"recruitment_points"	1
"minor_magistrate"	"region_turns_to_surrender"	1
"minor_magistrate"	"repression_building"	1
"minor_royal_palace"	"agent_spawn_rate_basic_hidden"	0.5
"minor_royal_palace"	"recruitment_points"	2
"minor_royal_palace"	"region_turns_to_surrender"	5
"minor_royal_palace"	"repression_building"	4
"minor_royal_palace"	"tax_bonus_building"	12
"naval_board"	"prestige_message"	1
"naval_college"	"prestige_message"	1
"naval_hospital"	"naval_recruitment_points"	4
"naval_hospital"	"prestige_message"	1
"open_gem_pit"	"gdp_mine"	700
"open_gem_pit"	"resource_prod_gems"	1
"opera_house"	"happy_culture_lower"	2
"opera_house"	"happy_culture_middle"	2
"opera_house"	"happy_culture_upper"	2
"opera_house"	"tw_growth_education"	2
"pleasure_gardens"	"agent_spawn_rate_assassin"	4
"pleasure_gardens"	"agent_spawn_rate_rake"	4
"pleasure_gardens"	"happy_culture_lower"	5
"pleasure_gardens"	"happy_culture_middle"	5
"pleasure_gardens"	"happy_culture_upper"	2
"pleasure_gardens"	"prestige_message"	1
"pottery_workshops"	"gdp_industry"	500
"pottery_workshops"	"tw_growth_industry"	8
"prest_austria_albertina"	"happy_culture_lower"	5
"prest_austria_albertina"	"happy_culture_middle"	5
"prest_austria_albertina"	"happy_culture_upper"	5
"prest_austria_albertina"	"prestige_message"	1
"prest_austria_albertina"	"tw_growth_education"	8
"prest_austria_hofburg"	"agent_spawn_rate_basic_hidden"	0.5
"prest_austria_hofburg"	"happy_culture_lower"	1
"prest_austria_hofburg"	"happy_culture_middle"	1
"prest_austria_hofburg"	"happy_culture_upper"	1
"prest_austria_hofburg"	"prestige_message"	1
"prest_austria_hofburg"	"recruitment_points"	3
"prest_austria_hofburg"	"region_turns_to_surrender"	6
"prest_austria_hofburg"	"repression_building"	5
"prest_austria_hofburg"	"tax_bonus_building"	15
"prest_britain_british_museum"	"happy_culture_lower"	5
"prest_britain_british_museum"	"happy_culture_middle"	5
"prest_britain_british_museum"	"happy_culture_upper"	5
"prest_britain_british_museum"	"prestige_message"	1
"prest_britain_british_museum"	"tw_growth_education"	8
"prest_britain_somerset_house"	"agent_spawn_rate_basic_hidden"	0.5
"prest_britain_somerset_house"	"happy_culture_lower"	1
"prest_britain_somerset_house"	"happy_culture_middle"	1
"prest_britain_somerset_house"	"happy_culture_upper"	1
"prest_britain_somerset_house"	"prestige_message"	1
"prest_britain_somerset_house"	"recruitment_points"	3
"prest_britain_somerset_house"	"region_turns_to_surrender"	6
"prest_britain_somerset_house"	"repression_building"	5
"prest_britain_somerset_house"	"tax_bonus_building"	15
"prest_france_arc_de_triomphe"	"happy_culture_lower"	1
"prest_france_arc_de_triomphe"	"happy_culture_middle"	1
"prest_france_arc_de_triomphe"	"happy_culture_upper"	1
"prest_france_arc_de_triomphe"	"prestige_message"	1
"prest_france_arc_de_triomphe"	"recruitment_points"	4
"prest_france_palais_bourbon"	"agent_spawn_rate_basic_hidden"	0.5
"prest_france_palais_bourbon"	"happy_culture_lower"	1
"prest_france_palais_bourbon"	"happy_culture_middle"	1
"prest_france_palais_bourbon"	"happy_culture_upper"	1
"prest_france_palais_bourbon"	"prestige_message"	1
"prest_france_palais_bourbon"	"recruitment_points"	3
"prest_france_palais_bourbon"	"region_turns_to_surrender"	6
"prest_france_palais_bourbon"	"repression_building"	5
"prest_france_palais_bourbon"	"tax_bonus_building"	15
"prest_maratha_ajinkyatara"	"happy_culture_lower"	1
"prest_maratha_ajinkyatara"	"happy_culture_middle"	1
"prest_maratha_ajinkyatara"	"happy_culture_upper"	1
"prest_maratha_ajinkyatara"	"prestige_message"	1
"prest_maratha_ajinkyatara"	"recruitment_points"	4
"prest_maratha_shaniwarwada"	"agent_spawn_rate_basic_hidden"	0.5
"prest_maratha_shaniwarwada"	"happy_culture_lower"	1
"prest_maratha_shaniwarwada"	"happy_culture_middle"	1
"prest_maratha_shaniwarwada"	"happy_culture_upper"	1
"prest_maratha_shaniwarwada"	"prestige_message"	1
"prest_maratha_shaniwarwada"	"recruitment_points"	3
"prest_maratha_shaniwarwada"	"region_turns_to_surrender"	6
"prest_maratha_shaniwarwada"	"repression_building"	5
"prest_maratha_shaniwarwada"	"tax_bonus_building"	15
"prest_ottomans_naval_engineering_school"	"happy_culture_lower"	1
"prest_ottomans_naval_engineering_school"	"happy_culture_middle"	1
"prest_ottomans_naval_engineering_school"	"happy_culture_upper"	1
"prest_ottomans_naval_engineering_school"	"prestige_message"	1
"prest_ottomans_naval_engineering_school"	"upkeep_cost_mod_naval_all"	-5
"prest_ottomans_nur-u_osmaniye_mosque"	"happy_culture_lower"	5
"prest_ottomans_nur-u_osmaniye_mosque"	"happy_culture_middle"	5
"prest_ottomans_nur-u_osmaniye_mosque"	"happy_culture_upper"	5
"prest_ottomans_nur-u_osmaniye_mosque"	"prestige_message"	1
"prest_ottomans_nur-u_osmaniye_mosque"	"tw_growth_education"	8
"prest_poland_akademia"	"happy_culture_lower"	1
"prest_poland_akademia"	"happy_culture_middle"	1
"prest_poland_akademia"	"happy_culture_upper"	1
"prest_poland_akademia"	"prestige_message"	1
"prest_poland_akademia"	"recruitment_points"	4
"prest_poland_lazienki_park"	"happy_culture_lower"	5
"prest_poland_lazienki_park"	"happy_culture_middle"	5
"prest_poland_lazienki_park"	"happy_culture_upper"	5
"prest_poland_lazienki_park"	"prestige_message"	1
"prest_poland_lazienki_park"	"tw_growth_education"	8
"prest_prussia_berlin_academy"	"agent_research_slots"	3
"prest_prussia_berlin_academy"	"agent_spawn_rate_eastern_scholar"	9
"prest_prussia_berlin_academy"	"agent_spawn_rate_gentleman"	9
"prest_prussia_berlin_academy"	"happy_culture_lower"	3
"prest_prussia_berlin_academy"	"happy_culture_middle"	3
"prest_prussia_berlin_academy"	"happy_culture_upper"	3
"prest_prussia_berlin_academy"	"prestige_message"	1
"prest_prussia_berlin_academy"	"tw_growth_education"	12
"prest_prussia_brandenburg_gate"	"happy_culture_lower"	1
"prest_prussia_brandenburg_gate"	"happy_culture_middle"	1
"prest_prussia_brandenburg_gate"	"happy_culture_upper"	1
"prest_prussia_brandenburg_gate"	"prestige_message"	1
"prest_prussia_brandenburg_gate"	"recruitment_points"	4
"prest_russia_kunstkamara"	"happy_culture_lower"	5
"prest_russia_kunstkamara"	"happy_culture_middle"	5
"prest_russia_kunstkamara"	"happy_culture_upper"	5
"prest_russia_kunstkamara"	"prestige_message"	1
"prest_russia_kunstkamara"	"tw_growth_education"	8
"prest_russia_winter_palace"	"agent_spawn_rate_basic_hidden"	0.5
"prest_russia_winter_palace"	"happy_culture_lower"	1
"prest_russia_winter_palace"	"happy_culture_middle"	1
"prest_russia_winter_palace"	"happy_culture_upper"	1
"prest_russia_winter_palace"	"prestige_message"	1
"prest_russia_winter_palace"	"recruitment_points"	3
"prest_russia_winter_palace"	"region_turns_to_surrender"	6
"prest_russia_winter_palace"	"repression_building"	5
"prest_russia_winter_palace"	"tax_bonus_building"	15
"prest_spain_academia"	"agent_research_slots"	3
"prest_spain_academia"	"agent_spawn_rate_eastern_scholar"	9
"prest_spain_academia"	"agent_spawn_rate_gentleman"	9
"prest_spain_academia"	"happy_culture_lower"	3
"prest_spain_academia"	"happy_culture_middle"	3
"prest_spain_academia"	"happy_culture_upper"	3
"prest_spain_academia"	"prestige_message"	1
"prest_spain_academia"	"tw_growth_education"	12
"prest_spain_palacio_real_de_madrid"	"agent_spawn_rate_basic_hidden"	0.5
"prest_spain_palacio_real_de_madrid"	"happy_culture_lower"	1
"prest_spain_palacio_real_de_madrid"	"happy_culture_middle"	1
"prest_spain_palacio_real_de_madrid"	"happy_culture_upper"	1
"prest_spain_palacio_real_de_madrid"	"prestige_message"	1
"prest_spain_palacio_real_de_madrid"	"recruitment_points"	3
"prest_spain_palacio_real_de_madrid"	"region_turns_to_surrender"	6
"prest_spain_palacio_real_de_madrid"	"repression_building"	5
"prest_spain_palacio_real_de_madrid"	"tax_bonus_building"	15
"prest_sweden_konglig_museum"	"happy_culture_lower"	5
"prest_sweden_konglig_museum"	"happy_culture_middle"	5
"prest_sweden_konglig_museum"	"happy_culture_upper"	5
"prest_sweden_konglig_museum"	"prestige_message"	1
"prest_sweden_konglig_museum"	"tw_growth_education"	8
"prest_sweden_slott"	"agent_spawn_rate_basic_hidden"	0.5
"prest_sweden_slott"	"happy_culture_lower"	1
"prest_sweden_slott"	"happy_culture_middle"	1
"prest_sweden_slott"	"happy_culture_upper"	1
"prest_sweden_slott"	"prestige_message"	1
"prest_sweden_slott"	"recruitment_points"	3
"prest_sweden_slott"	"region_turns_to_surrender"	6
"prest_sweden_slott"	"repression_building"	5
"prest_sweden_slott"	"tax_bonus_building"	15
"prest_unitedprovinces_kweekschool"	"happy_culture_lower"	1
"prest_unitedprovinces_kweekschool"	"happy_culture_middle"	1
"prest_unitedprovinces_kweekschool"	"happy_culture_upper"	1
"prest_unitedprovinces_kweekschool"	"prestige_message"	1
"prest_unitedprovinces_kweekschool"	"upkeep_cost_mod_naval_all"	-5
"prest_unitedprovinces_teylers_museum"	"happy_culture_lower"	5
"prest_unitedprovinces_teylers_museum"	"happy_culture_middle"	5
"prest_unitedprovinces_teylers_museum"	"happy_culture_upper"	5
"prest_unitedprovinces_teylers_museum"	"prestige_message"	1
"prest_unitedprovinces_teylers_museum"	"tw_growth_education"	8
"prest_usa_independence_hall"	"agent_spawn_rate_basic_hidden"	0.5
"prest_usa_independence_hall"	"happy_culture_lower"	1
"prest_usa_independence_hall"	"happy_culture_middle"	1
"prest_usa_independence_hall"	"happy_culture_upper"	1
"prest_usa_independence_hall"	"prestige_message"	1
"prest_usa_independence_hall"	"recruitment_points"	3
"prest_usa_independence_hall"	"region_turns_to_surrender"	6
"prest_usa_independence_hall"	"repression_building"	5
"prest_usa_independence_hall"	"tax_bonus_building"	15
"prest_usa_smithsonian"	"happy_culture_lower"	5
"prest_usa_smithsonian"	"happy_culture_middle"	5
"prest_usa_smithsonian"	"happy_culture_upper"	5
"prest_usa_smithsonian"	"prestige_message"	1
"prest_usa_smithsonian"	"tw_growth_education"	8
"rel_catholic_0"	"agent_spawn_rate_missionary_catholic"	3
"rel_catholic_0"	"conversion_catholic"	1
"rel_catholic_0"	"happy_religion_catholic"	1
"rel_catholic_1"	"agent_spawn_rate_missionary_catholic"	6
"rel_catholic_1"	"conversion_catholic"	2
"rel_catholic_1"	"happy_religion_catholic"	2
"rel_catholic_2"	"agent_spawn_rate_missionary_catholic"	9
"rel_catholic_2"	"conversion_catholic"	3
"rel_catholic_2"	"happy_religion_catholic"	4
"rel_hindu_0"	"agent_spawn_rate_missionary_hindu"	3
"rel_hindu_0"	"conversion_hindu"	1
"rel_hindu_0"	"happy_religion_hindu"	1
"rel_hindu_1"	"agent_spawn_rate_missionary_hindu"	6
"rel_hindu_1"	"conversion_hindu"	2
"rel_hindu_1"	"happy_religion_hindu"	2
"rel_hindu_2"	"agent_spawn_rate_missionary_hindu"	9
"rel_hindu_2"	"conversion_hindu"	3
"rel_hindu_2"	"happy_religion_hindu"	4
"rel_islam_0"	"agent_spawn_rate_missionary_islam"	3
"rel_islam_0"	"conversion_islamic"	1
"rel_islam_0"	"happy_religion_islam"	1
"rel_islam_1"	"agent_spawn_rate_missionary_islam"	6
"rel_islam_1"	"conversion_islamic"	2
"rel_islam_1"	"happy_religion_islam"	2
"rel_islam_2"	"agent_spawn_rate_missionary_islam"	9
"rel_islam_2"	"conversion_islamic"	3
"rel_islam_2"	"happy_religion_islam"	4
"rel_orthodox_0"	"agent_spawn_rate_missionary_orthodox"	3
"rel_orthodox_0"	"conversion_orthodox"	1
"rel_orthodox_0"	"happy_religion_orthodox"	1
"rel_orthodox_1"	"agent_spawn_rate_missionary_orthodox"	6
"rel_orthodox_1"	"conversion_orthodox"	2
"rel_orthodox_1"	"happy_religion_orthodox"	2
"rel_orthodox_2"	"agent_spawn_rate_missionary_orthodox"	9
"rel_orthodox_2"	"conversion_orthodox"	3
"rel_orthodox_2"	"happy_religion_orthodox"	4
"rel_protestant_0"	"agent_spawn_rate_missionary_protestant"	3
"rel_protestant_0"	"conversion_protestant"	1
"rel_protestant_0"	"happy_religion_protestant"	1
"rel_protestant_1"	"agent_spawn_rate_missionary_protestant"	6
"rel_protestant_1"	"conversion_protestant"	2
"rel_protestant_1"	"happy_religion_protestant"	2
"rel_protestant_2"	"agent_spawn_rate_missionary_protestant"	9
"rel_protestant_2"	"conversion_protestant"	3
"rel_protestant_2"	"happy_religion_protestant"	4
"rice_farming_commune"	"gdp_farm"	200
"rice_farming_commune"	"pop_growth_farm"	0.4
"rice_farming_commune"	"pop_maxpop_modifier"	30
"rice_farming_commune"	"resource_prod_rice"	1
"rice_farms"	"gdp_farm"	150
"rice_farms"	"pop_growth_farm"	0.3
"rice_farms"	"pop_maxpop_modifier"	20
"rice_farms"	"resource_prod_rice"	1
"rice_paddies"	"gdp_farm"	100
"rice_paddies"	"pop_growth_farm"	0.2
"rice_paddies"	"pop_maxpop_modifier"	10
"rice_paddies"	"resource_prod_rice"	1
"royal_academy"	"agent_research_slots"	3
"royal_academy"	"agent_spawn_rate_eastern_scholar"	9
"royal_academy"	"agent_spawn_rate_gentleman"	9
"royal_academy"	"happy_culture_lower"	2
"royal_academy"	"happy_culture_middle"	2
"royal_academy"	"happy_culture_upper"	2
"royal_academy"	"prestige_message"	1
"royal_academy"	"tw_growth_education"	12
"royal_observatory"	"agent_research_slots"	2
"royal_observatory"	"agent_spawn_rate_eastern_scholar"	6
"royal_observatory"	"agent_spawn_rate_gentleman"	6
"royal_observatory"	"happy_culture_lower"	2
"royal_observatory"	"happy_culture_middle"	2
"royal_observatory"	"happy_culture_upper"	2
"royal_observatory"	"prestige_message"	1
"royal_observatory"	"tw_growth_education"	8
"royal_palace"	"agent_spawn_rate_basic_hidden"	0.5
"royal_palace"	"recruitment_points"	2
"royal_palace"	"region_turns_to_surrender"	5
"royal_palace"	"repression_building"	4
"royal_palace"	"tax_bonus_building"	12
"school"	"agent_research_slots"	1
"school"	"agent_spawn_rate_eastern_scholar"	3
"school"	"agent_spawn_rate_gentleman"	3
"school"	"happy_clamour_for_reform_all_classes"	-4
"school"	"research_points"	9
"settlement_fortifications"	"small_city_fortifications"	1
"sheep_clearances"	"gdp_farm"	200
"sheep_clearances"	"happy_industrialisation_lower"	-1
"sheep_clearances"	"pop_growth_farm"	0.4
"sheep_clearances"	"pop_maxpop_modifier"	20
"sheep_clearances"	"resource_prod_sheep"	1
"sheep_great_estates"	"gdp_farm"	250
"sheep_great_estates"	"pop_growth_farm"	0.5
"sheep_great_estates"	"pop_maxpop_modifier"	30
"sheep_great_estates"	"resource_prod_sheep"	1
"sheep_great_royal_palace"	"gdp_farm"	300
"sheep_great_royal_palace"	"happy_culture_upper"	1
"sheep_great_royal_palace"	"pop_growth_farm"	0.5
"sheep_great_royal_palace"	"pop_maxpop_modifier"	30
"sheep_great_royal_palace"	"prestige_message"	1
"sheep_great_royal_palace"	"resource_prod_sheep"	1
"sheep_peasant_farms"	"gdp_farm"	100
"sheep_peasant_farms"	"pop_growth_farm"	0.2
"sheep_peasant_farms"	"pop_maxpop_modifier"	5
"sheep_peasant_farms"	"resource_prod_sheep"	1
"sheep_tenanted_farms"	"gdp_farm"	150
"sheep_tenanted_farms"	"pop_growth_farm"	0.3
"sheep_tenanted_farms"	"pop_maxpop_modifier"	10
"sheep_tenanted_farms"	"resource_prod_sheep"	1
"shipyard"	"naval_recruitment_points"	1
"silver_mine"	"gdp_mine"	1000
"silver_mine"	"resource_prod_silver"	1
"small_coffee_plantation"	"commodity_prod_coffee"	15
"small_cotton_plantation"	"commodity_prod_cotton"	15
"small_spices_plantation"	"commodity_prod_spices"	15
"small_sugar_plantation"	"commodity_prod_sugar"	15
"small_tea_plantation"	"commodity_prod_tea"	15
"small_tobacco_plantation"	"commodity_prod_tobacco"	15
"spices_warehouse"	"commodity_prod_spices"	40
"spices_warehouse"	"prestige_message"	1
"star_fort"	"prestige_message"	1
"steam_drydock"	"happy_industrialisation_lower"	-2
"steam_drydock"	"naval_recruitment_points"	4
"steam_drydock"	"prestige_message"	1
"steam_engine_factory"	"gdp_industry"	1000
"steam_engine_factory"	"happy_industrialisation_lower"	-2
"steam_engine_factory"	"prestige_message"	1
"steam_engine_factory"	"tw_growth_industry"	12
"steam-powered_cloth_mill"	"gdp_industry"	750
"steam-powered_cloth_mill"	"happy_industrialisation_lower"	-2
"steam-powered_cloth_mill"	"prestige_message"	1
"steam-powered_cloth_mill"	"tw_growth_industry"	16
"steam-powered_sugar_mill"	"commodity_prod_sugar"	60
"steam-powered_sugar_mill"	"prestige_message"	1
"steam-pumped_gold_mine"	"gdp_mine"	1400
"steam-pumped_gold_mine"	"happy_industrialisation_lower"	-1
"steam-pumped_gold_mine"	"resource_prod_gold"	1
"steam-pumped_iron_mine"	"gdp_mine"	800
"steam-pumped_iron_mine"	"happy_industrialisation_lower"	-1
"steam-pumped_iron_mine"	"resource_prod_iron"	1
"steam-pumped_silver_mine"	"gdp_mine"	1200
"steam-pumped_silver_mine"	"happy_industrialisation_lower"	-1
"steam-pumped_silver_mine"	"resource_prod_silver"	1
"sugar_warehouse"	"commodity_prod_sugar"	40
"sugar_warehouse"	"prestige_message"	1
"tarmac_roads"	"enable_cadenced_marching"	1
"tarmac_roads"	"prestige_message"	1
"tarmac_roads"	"tw_growth_roads"	5
"tea_warehouse"	"commodity_prod_tea"	40
"tea_warehouse"	"prestige_message"	1
"theatre"	"agent_spawn_rate_assassin"	4
"theatre"	"agent_spawn_rate_rake"	4
"theatre"	"happy_culture_lower"	4
"theatre"	"happy_culture_middle"	4
"theatre"	"happy_culture_upper"	1
"timber_logging_camp"	"gdp_industry"	500
"timber_logging_camp"	"resource_prod_timber"	1
"timber_lumber_mill"	"gdp_industry"	600
"timber_lumber_mill"	"resource_prod_timber"	1
"tobacco_warehouse"	"commodity_prod_tobacco"	40
"tobacco_warehouse"	"prestige_message"	1
"trading_company"	"export_capacity_port"	360
"trading_company"	"gdp_port"	500
"trading_company"	"naval_recruitment_points"	2
"trading_company"	"prestige_message"	1
"trading_company"	"trade_routes_mod_max_sea"	5
"trading_company"	"tw_growth_port"	7
"trading_port"	"export_capacity_port"	30
"trading_port"	"gdp_port"	200
"trading_port"	"naval_recruitment_points"	1
"trading_port"	"trade_routes_mod_max_sea"	2
"trading_port"	"tw_growth_port"	1
"tribal_ancestral_ground"	"happy_culture_lower"	2
"tribal_ancestral_ground"	"happy_culture_upper"	2
"tribal_ancestral_ground"	"recruitment_points"	1
"tribal_burial_ground"	"happy_culture_lower"	1
"tribal_burial_ground"	"happy_culture_upper"	1
"tribal_burial_ground"	"recruitment_points"	1
"tribal_chiefs_lodge"	"recruitment_points"	1
"tribal_chiefs_lodge"	"region_turns_to_surrender"	2
"tribal_chiefs_lodge"	"repression_building"	1
"tribal_chiefs_lodge"	"tax_bonus_building"	6
"tribal_confederation_of_tribes"	"recruitment_points"	1
"tribal_confederation_of_tribes"	"region_turns_to_surrender"	4
"tribal_confederation_of_tribes"	"repression_building"	3
"tribal_confederation_of_tribes"	"tax_bonus_building"	12
"tribal_corn_communal_farms"	"gdp_farm"	400
"tribal_corn_communal_farms"	"pop_growth_farm"	0.6
"tribal_corn_communal_farms"	"pop_maxpop_modifier"	30
"tribal_corn_communal_farms"	"resource_prod_corn"	1
"tribal_corn_subsistence_farms"	"gdp_farm"	200
"tribal_corn_subsistence_farms"	"pop_growth_farm"	0.3
"tribal_corn_subsistence_farms"	"pop_maxpop_modifier"	20
"tribal_corn_subsistence_farms"	"resource_prod_corn"	1
"tribal_council_of_elders"	"recruitment_points"	1
"tribal_council_of_elders"	"region_turns_to_surrender"	1
"tribal_drill_grounds"	"conversion_animist"	1
"tribal_drill_grounds"	"recruitment_points"	1
"tribal_gunsmith"	"gdp_industry"	800
"tribal_gunsmith"	"recruitment_points"	3
"tribal_high_chiefs_lodge"	"recruitment_points"	1
"tribal_high_chiefs_lodge"	"region_turns_to_surrender"	3
"tribal_high_chiefs_lodge"	"repression_building"	2
"tribal_high_chiefs_lodge"	"tax_bonus_building"	9
"tribal_holy_ground"	"happy_culture_lower"	3
"tribal_holy_ground"	"happy_culture_upper"	3
"tribal_holy_ground"	"recruitment_points"	1
"tribal_horse_breeder"	"conversion_animist"	2
"tribal_horse_breeder"	"recruitment_points"	2
"tribal_hunting_grounds"	"conversion_animist"	1
"tribal_hunting_grounds"	"recruitment_points"	1
"tribal_meeting_hall"	"happy_culture_lower"	2
"tribal_meeting_hall"	"happy_culture_upper"	2
"tribal_practice_fields"	"conversion_animist"	3
"tribal_practice_fields"	"recruitment_points"	3
"tribal_shamanic_gateway"	"happy_culture_lower"	5
"tribal_shamanic_gateway"	"happy_culture_middle"	5
"tribal_shamanic_gateway"	"happy_culture_upper"	5
"tribal_shamanic_gateway"	"recruitment_points"	1
"tribal_spiritual_circle"	"happy_culture_lower"	4
"tribal_spiritual_circle"	"happy_culture_middle"	4
"tribal_spiritual_circle"	"happy_culture_upper"	4
"tribal_spiritual_circle"	"recruitment_points"	1
"tribal_village_longhouse"	"happy_culture_lower"	1
"tribal_warrior_lodge"	"conversion_animist"	2
"tribal_warrior_lodge"	"recruitment_points"	2
"tribal_wheat_communal_farms"	"gdp_farm"	400
"tribal_wheat_communal_farms"	"pop_growth_farm"	0.6
"tribal_wheat_communal_farms"	"pop_maxpop_modifier"	40
"tribal_wheat_communal_farms"	"resource_prod_wheat"	1
"tribal_wheat_subsistence_farms"	"gdp_farm"	200
"tribal_wheat_subsistence_farms"	"pop_growth_farm"	0.3
"tribal_wheat_subsistence_farms"	"pop_maxpop_modifier"	20
"tribal_wheat_subsistence_farms"	"resource_prod_wheat"	1
"university"	"agent_research_slots"	2
"university"	"agent_spawn_rate_eastern_scholar"	9
"university"	"agent_spawn_rate_gentleman"	9
"university"	"happy_clamour_for_reform_all_classes"	-6
"university"	"prestige_message"	1
"university"	"research_points"	17
"vineyards"	"gdp_farm"	300
"vineyards"	"pop_growth_farm"	0.1
"vineyards"	"pop_maxpop_modifier"	5
"vineyards"	"resource_prod_wine"	1
"water-powered_cloth_mill"	"gdp_industry"	600
"water-powered_cloth_mill"	"happy_industrialisation_lower"	-1
"water-powered_cloth_mill"	"tw_growth_industry"	13
"weavers_cottages"	"gdp_industry"	450
"weavers_cottages"	"tw_growth_industry"	10
"wheat_clearances"	"gdp_farm"	200
"wheat_clearances"	"happy_industrialisation_lower"	-1
"wheat_clearances"	"pop_growth_farm"	0.4
"wheat_clearances"	"pop_maxpop_modifier"	20
"wheat_clearances"	"resource_prod_wheat"	1
"wheat_great_estates"	"gdp_farm"	250
"wheat_great_estates"	"pop_growth_farm"	0.5
"wheat_great_estates"	"pop_maxpop_modifier"	30
"wheat_great_estates"	"resource_prod_wheat"	1
"wheat_great_royal_palace"	"gdp_farm"	300
"wheat_great_royal_palace"	"happy_culture_upper"	1
"wheat_great_royal_palace"	"pop_growth_farm"	0.5
"wheat_great_royal_palace"	"pop_maxpop_modifier"	30
"wheat_great_royal_palace"	"prestige_message"	1
"wheat_great_royal_palace"	"resource_prod_wheat"	1
"wheat_peasant_farms"	"gdp_farm"	100
"wheat_peasant_farms"	"pop_growth_farm"	0.2
"wheat_peasant_farms"	"pop_maxpop_modifier"	5
"wheat_peasant_farms"	"resource_prod_wheat"	1
"wheat_tenanted_farms"	"gdp_farm"	150
"wheat_tenanted_farms"	"pop_growth_farm"	0.3
"wheat_tenanted_farms"	"pop_maxpop_modifier"	10
"wheat_tenanted_farms"	"resource_prod_wheat"	1
"wine_estates"	"gdp_farm"	500
"wine_estates"	"happy_industrialisation_lower"	-1
"wine_estates"	"pop_growth_farm"	0.3
"wine_estates"	"pop_maxpop_modifier"	15
"wine_estates"	"prestige_message"	1
"wine_estates"	"resource_prod_wine"	1
"wineries"	"gdp_farm"	400
"wineries"	"pop_growth_farm"	0.2
"wineries"	"pop_maxpop_modifier"	10
"wineries"	"resource_prod_wine"	1
"NA_pioneer_01"	"conversion_protestant"	1.5
"NA_pioneer_01"	"gdp_industry"	300
"NA_pioneer_01"	"happy_industrialisation_lower"	-1
"NA_pioneer_01"	"tw_growth_industry"	5
"NA_pioneer_02"	"conversion_protestant"	2.5
"NA_pioneer_02"	"gdp_industry"	400
"NA_pioneer_02"	"happy_industrialisation_lower"	-2
"NA_pioneer_02"	"tw_growth_industry"	10
"NA_pioneer_03"	"conversion_protestant"	3.5
"NA_pioneer_03"	"gdp_industry"	500
"NA_pioneer_03"	"happy_industrialisation_lower"	-4
"NA_pioneer_03"	"tw_growth_industry"	15
"tribal_ancestral_ground"	"happy_culture_middle"	2
"tribal_burial_ground"	"happy_culture_middle"	1
"tribal_chiefs_lodge"	"tw_growth_education"	6
"tribal_confederation_of_tribes"	"tw_growth_education"	12
"tribal_council_of_elders"	"tax_bonus_building"	3
"tribal_council_of_elders"	"tw_growth_education"	3
"tribal_gunsmith"	"conversion_animist"	3
"tribal_high_chiefs_lodge"	"tw_growth_education"	9
"tribal_holy_ground"	"happy_culture_middle"	3
"tribal_meeting_hall"	"happy_culture_middle"	2
"tribal_meeting_hall"	"research_points"	20
"tribal_playable_ancestral_ground"	"agent_spawn_rate_shaman"	8
"tribal_playable_ancestral_ground"	"happy_culture_lower"	2
"tribal_playable_ancestral_ground"	"happy_culture_middle"	2
"tribal_playable_ancestral_ground"	"happy_culture_upper"	2
"tribal_playable_ancestral_ground"	"recruitment_points"	1
"tribal_playable_burial_ground"	"agent_spawn_rate_shaman"	4
"tribal_playable_burial_ground"	"happy_culture_lower"	1
"tribal_playable_burial_ground"	"happy_culture_middle"	1
"tribal_playable_burial_ground"	"happy_culture_upper"	1
"tribal_playable_burial_ground"	"recruitment_points"	1
"tribal_playable_chiefs_lodge"	"recruitment_points"	1
"tribal_playable_chiefs_lodge"	"region_turns_to_surrender"	2
"tribal_playable_chiefs_lodge"	"tax_bonus_building"	6
"tribal_playable_chiefs_lodge"	"tw_growth_education"	2
"tribal_playable_confederation_of_tribes"	"recruitment_points"	1
"tribal_playable_confederation_of_tribes"	"region_turns_to_surrender"	4
"tribal_playable_confederation_of_tribes"	"tax_bonus_building"	12
"tribal_playable_confederation_of_tribes"	"tw_growth_education"	4
"tribal_playable_corn_communal_farms"	"gdp_farm"	60
"tribal_playable_corn_communal_farms"	"pop_growth_farm"	1.2
"tribal_playable_corn_communal_farms"	"pop_maxpop_modifier"	50
"tribal_playable_corn_communal_farms"	"resource_prod_corn"	1
"tribal_playable_corn_subsistence_farms"	"gdp_farm"	40
"tribal_playable_corn_subsistence_farms"	"pop_growth_farm"	0.6
"tribal_playable_corn_subsistence_farms"	"pop_maxpop_modifier"	25
"tribal_playable_corn_subsistence_farms"	"resource_prod_corn"	1
"tribal_playable_council_of_elders"	"recruitment_points"	1
"tribal_playable_council_of_elders"	"region_turns_to_surrender"	1
"tribal_playable_council_of_elders"	"tax_bonus_building"	3
"tribal_playable_council_of_elders"	"tw_growth_education"	1
"tribal_playable_craft_workshops_textiles"	"gdp_industry"	50
"tribal_playable_craft_workshops_textiles"	"tw_growth_industry"	6
"tribal_playable_drill_grounds"	"agent_spawn_rate_scout"	6
"tribal_playable_burial_ground"	"conversion_animist"	1
"tribal_playable_drill_grounds"	"recruitment_points"	1
"tribal_playable_fishing_fleet"	"gdp_port"	80
"tribal_playable_fishing_fleet"	"naval_recruitment_points"	1
"tribal_playable_fishing_fleet"	"pop_growth_port_fishing"	0.5
"tribal_playable_fur_market"	"commodity_prod_furs"	20
"tribal_playable_fur_merchant"	"commodity_prod_furs"	10
"tribal_playable_gem_pit"	"gdp_mine"	200
"tribal_playable_gem_pit"	"resource_prod_gems"	1
"tribal_playable_gold_mine"	"gdp_mine"	300
"tribal_playable_gold_mine"	"resource_prod_gold"	1
"tribal_playable_gunsmith"	"agent_spawn_rate_scout"	18
"tribal_playable_shamanic_gateway"	"conversion_animist"	3
"tribal_playable_gunsmith"	"recruitment_points"	3
"tribal_playable_high_chiefs_lodge"	"recruitment_points"	1
"tribal_playable_high_chiefs_lodge"	"region_turns_to_surrender"	3
"tribal_playable_high_chiefs_lodge"	"tax_bonus_building"	9
"tribal_playable_high_chiefs_lodge"	"tw_growth_education"	3
"tribal_playable_holy_ground"	"agent_spawn_rate_shaman"	12
"tribal_playable_holy_ground"	"happy_culture_lower"	3
"tribal_playable_holy_ground"	"happy_culture_middle"	3
"tribal_playable_holy_ground"	"happy_culture_upper"	3
"tribal_playable_holy_ground"	"recruitment_points"	1
"tribal_playable_horse_breeder"	"agent_spawn_rate_scout"	9
"tribal_playable_holy_ground"	"conversion_animist"	2
"tribal_playable_horse_breeder"	"recruitment_points"	2
"tribal_playable_hunting_grounds"	"agent_spawn_rate_scout"	3
"tribal_playable_ancestral_ground"	"conversion_animist"	1
"tribal_playable_hunting_grounds"	"recruitment_points"	1
"tribal_playable_iron_mine"	"gdp_mine"	200
"tribal_playable_iron_mine"	"resource_prod_iron"	1
"tribal_playable_iron_workshops"	"gdp_industry"	40
"tribal_playable_local_fishery"	"gdp_port"	40
"tribal_playable_local_fishery"	"naval_recruitment_points"	1
"tribal_playable_local_fishery"	"pop_growth_port_fishing"	0.3
"tribal_playable_meeting_hall"	"happy_culture_lower"	4
"tribal_playable_meeting_hall"	"happy_culture_middle"	4
"tribal_playable_meeting_hall"	"happy_culture_upper"	4
"tribal_playable_meeting_hall"	"research_points"	20
"tribal_playble_craft_workshops_metal"	"recruitment_points"	1
"tribal_playable_practice_fields"	"agent_spawn_rate_scout"	15
"tribal_playable_practice_fields"	"recruitment_points"	3
"tribal_playable_prospectors_camp"	"gdp_mine"	300
"tribal_playable_prospectors_camp"	"happy_clamour_for_reform_all_classes"	-3
"tribal_playable_prospectors_camp"	"resource_prod_gold"	1
"tribal_playable_shamanic_gateway"	"agent_spawn_rate_shaman"	20
"tribal_playable_shamanic_gateway"	"happy_culture_lower"	5
"tribal_playable_shamanic_gateway"	"happy_culture_middle"	5
"tribal_playable_shamanic_gateway"	"happy_culture_upper"	5
"tribal_playable_shamanic_gateway"	"recruitment_points"	1
"tribal_playable_sheep_communal_farms"	"gdp_farm"	60
"tribal_playable_sheep_communal_farms"	"pop_growth_farm"	1.2
"tribal_playable_sheep_communal_farms"	"pop_maxpop_modifier"	50
"tribal_playable_sheep_communal_farms"	"resource_prod_sheep"	1
"tribal_playable_sheep_subsistence_farms"	"gdp_farm"	40
"tribal_playable_sheep_subsistence_farms"	"pop_growth_farm"	0.6
"tribal_playable_sheep_subsistence_farms"	"pop_maxpop_modifier"	25
"tribal_playable_sheep_subsistence_farms"	"resource_prod_sheep"	1
"tribal_playable_silver_mine"	"gdp_mine"	250
"tribal_playable_silver_mine"	"resource_prod_silver"	1
"tribal_playable_small_coffee_plantation"	"commodity_prod_coffee"	10
"tribal_playable_small_cotton_plantation"	"commodity_prod_cotton"	10
"tribal_playable_small_sugar_plantation"	"commodity_prod_sugar"	10
"tribal_playable_small_tobacco_plantation"	"commodity_prod_tobacco"	10
"tribal_playable_spiritual_circle"	"agent_spawn_rate_shaman"	16
"tribal_playable_spiritual_circle"	"happy_culture_lower"	4
"tribal_playable_spiritual_circle"	"happy_culture_middle"	4
"tribal_playable_spiritual_circle"	"happy_culture_upper"	4
"tribal_playable_spiritual_circle"	"recruitment_points"	1
"tribal_playable_village_longhouse"	"happy_culture_lower"	2
"tribal_playable_village_longhouse"	"happy_culture_middle"	2
"tribal_playable_village_longhouse"	"happy_culture_upper"	2
"tribal_playable_village_longhouse"	"research_points"	10
"tribal_playable_warrior_lodge"	"agent_spawn_rate_scout"	12
"tribal_playable_spiritual_circle"	"conversion_animist"	2
"tribal_playable_warrior_lodge"	"recruitment_points"	2
"tribal_playable_weavers_cottages"	"gdp_industry"	100
"tribal_playable_weavers_cottages"	"tw_growth_industry"	12
"tribal_playable_wheat_communal_farms"	"gdp_farm"	60
"tribal_playable_wheat_communal_farms"	"pop_growth_farm"	1.2
"tribal_playable_wheat_communal_farms"	"pop_maxpop_modifier"	50
"tribal_playable_wheat_communal_farms"	"resource_prod_wheat"	1
"tribal_playable_wheat_subsistence_farms"	"gdp_farm"	40
"tribal_playable_wheat_subsistence_farms"	"pop_growth_farm"	0.6
"tribal_playable_wheat_subsistence_farms"	"pop_maxpop_modifier"	25
"tribal_playable_wheat_subsistence_farms"	"resource_prod_wheat"	1
"tribal_playble_craft_workshops_metal"	"gdp_industry"	20
"tribal_village_longhouse"	"happy_culture_middle"	1
"tribal_village_longhouse"	"happy_culture_upper"	1
"tribal_playable_iron_workshops"	"recruitment_points"	1
"tribal_village_longhouse"	"research_points"	10
"tribal_playable_council_of_elders"	"gdp_industry"	25
"tribal_playable_chiefs_lodge"	"gdp_industry"	50
"tribal_playable_high_chiefs_lodge"	"gdp_industry"	75
"tribal_playable_confederation_of_tribes"	"gdp_industry"	100
"tribal_playble_craft_workshops_metal"	"recruitment_cost_mod_land_all"	-5
"tribal_playable_iron_workshops"	"recruitment_cost_mod_land_all"	-15
"tribal_playable_iron_workshops"	"happy_industrialisation_lower"	-2
"tribal_playable_iron_workshops"	"happy_industrialisation_middle"	-2
"tribal_playable_iron_workshops"	"happy_industrialisation_upper"	-2
"tribal_playble_craft_workshops_metal"	"happy_industrialisation_lower"	-1
"tribal_playble_craft_workshops_metal"	"happy_industrialisation_middle"	-1
"tribal_playble_craft_workshops_metal"	"happy_industrialisation_upper"	-1
"tribal_playable_fishing_fleet"	"export_capacity_port"	45
"tribal_playable_fishing_fleet"	"trade_routes_mod_max_sea"	1
"tribal_playable_local_fishery"	"trade_routes_mod_max_sea"	1
"tribal_playable_local_fishery"	"export_capacity_port"	30
